group,noisy::lean|qda,noisy::-kpca|qda,noisy::-gmm|qda,noisy::-scaler|qda,noisy::-transductive|qda,noisy::raw|qda,noisy::raw|qda_reg0.5,noisy::raw|lda,noisy::raw|gmm_bayes_k1,noisy::raw|gmm_bayes_k3,noisy::lean|lda,flip_r1::lean|qda,flip_r1::-kpca|qda,flip_r1::-gmm|qda,flip_r1::-scaler|qda,flip_r1::-transductive|qda,flip_r1::raw|qda,flip_r1::raw|qda_reg0.5,flip_r1::raw|lda,flip_r1::raw|gmm_bayes_k1,flip_r1::raw|gmm_bayes_k3,flip_r1::lean|lda,flip_r2::lean|qda,flip_r2::-kpca|qda,flip_r2::-gmm|qda,flip_r2::-scaler|qda,flip_r2::-transductive|qda,flip_r2::raw|qda,flip_r2::raw|qda_reg0.5,flip_r2::raw|lda,flip_r2::raw|gmm_bayes_k1,flip_r2::raw|gmm_bayes_k3,flip_r2::lean|lda,flip_r3::lean|qda,flip_r3::-kpca|qda,flip_r3::-gmm|qda,flip_r3::-scaler|qda,flip_r3::-transductive|qda,flip_r3::raw|qda,flip_r3::raw|qda_reg0.5,flip_r3::raw|lda,flip_r3::raw|gmm_bayes_k1,flip_r3::raw|gmm_bayes_k3,flip_r3::lean|lda,oracle::lean|qda,oracle::-kpca|qda,oracle::-gmm|qda,oracle::-scaler|qda,oracle::-transductive|qda,oracle::raw|qda,oracle::raw|qda_reg0.5,oracle::raw|lda,oracle::raw|gmm_bayes_k1,oracle::raw|gmm_bayes_k3,oracle::lean|lda
0,0.936415655756466,0.9313954375524528,0.9323720149538415,0.9356374456397345,0.9331960021362631,0.924605172808423,0.9207141222247653,0.7725795376516366,0.9244983596551462,0.91713588158999,0.9387045090409705,0.9341725795376516,0.9326390478370337,0.9321278706034943,0.9360036621652551,0.932494087129015,0.9230792706187534,0.9208972304875257,0.7795071335927367,0.9230029755092699,0.9320668345159074,0.9378042267490654,0.9325856412603952,0.932845044632639,0.9323720149538415,0.935912108033875,0.9315632867933166,0.9231097886625468,0.9205157549401083,0.7795986877241169,0.9231708247501335,0.9345998321507591,0.9370412756542306,0.9323872739757382,0.9327229724574656,0.9322041657129778,0.9357137407492179,0.9314564736400397,0.9230182345311666,0.9207446402685588,0.778088044556344,0.9230182345311665,0.9311665522240025,0.9367513542381933,0.9331807431143663,0.9329060807202258,0.9332417792019531,0.9366140230411231,0.9331807431143663,0.9238727397573815,0.9215075913633937,0.7799496452277409,0.9240863660639352,0.92988479438468,0.9384145876249332
1,0.965273951637588,0.9558157330884605,0.9514080195898378,0.9598561371288644,0.9506427915518825,0.9488062442607895,0.9436792164064891,0.7627640036730946,0.948989898989899,0.9444444444444444,0.9583256810529538,0.9618533823079278,0.9559458218549128,0.9536271808999082,0.960361187633915,0.952310988674625,0.9497704315886133,0.9443373125191308,0.7692990511172331,0.9498316498316499,0.9456688093051729,0.9615396388123661,0.9617003367003367,0.9550964187327824,0.9519436792164064,0.9607897153351698,0.9510713192531374,0.9484389348025712,0.9435414753596573,0.7704162840526478,0.948714416896235,0.9484542393633303,0.9610651974288339,0.9614860728497091,0.9541628405264769,0.9514080195898377,0.960682583409856,0.9507346189164371,0.9477502295684114,0.9430670339761249,0.7677838996020814,0.9478114478114479,0.9436026936026936,0.9614631160085706,0.9623584328129783,0.9561906948270585,0.9549739822467095,0.9604224058769513,0.954331190694827,0.9515763697581879,0.9461432506887052,0.7707223752678297,0.9516681971227426,0.9533057851239669,0.961539638812366
2,0.9601480869551915,0.9585264736028883,0.9485673199014795,0.95733321094742,0.9466244435265502,0.9418819893830221,0.9338045190998515,0.7442134410329373,0.9420502700139215,0.9480012850520906,0.9634066118989705,0.9577080178071504,0.9561475974115379,0.9482307586396805,0.962213349243502,0.9464714611348235,0.9441614270197499,0.9380727278290268,0.7447794758823261,0.9441920234980954,0.9622133492435021,0.9569354567289304,0.9578610001988771,0.955627457279667,0.9473587590068384,0.9621062615692935,0.9465173558523414,0.9422185506448209,0.9368488686952132,0.7470130188015359,0.9424327259932381,0.9465632505698593,0.9568130708155491,0.9577386142854957,0.955375036333318,0.9472057766151115,0.961754402068322,0.9461960928297154,0.9423103400798568,0.93723132467453,0.7470130188015359,0.9424327259932382,0.9471445836584209,0.9569354567289305,0.9579527896339132,0.9505790383526858,0.9478788991387092,0.9625958052228188,0.9472363730934569,0.9432282344302171,0.9382869031774442,0.7463092997995929,0.9433353221044257,0.9516881606927042,0.9583734912111616
3,0.9503624017700466,0.9544518196383611,0.9491264209964142,0.9411459525444419,0.9463340199893187,0.951796749828336,0.9448233768215457,0.7544823376821546,0.9520103761348897,0.9516289005874723,0.9404745555809872,0.9464484626535439,0.9499046311131456,0.944914930952926,0.9461051346608682,0.9450675211718929,0.9501487754634929,0.9448538948653391,0.7595483329518578,0.9500572213321127,0.946364538033112,0.9413443198290989,0.9466010528725108,0.9505302510109102,0.9459525444419014,0.9460898756389715,0.9463035019455253,0.9513084611276417,0.9452353704127566,0.759334706645304,0.9514000152590218,0.9436331731136035,0.9414206149385825,0.9464179446097505,0.950942244602121,0.945464255741207,0.9461356527046616,0.9455558098725871,0.950545510032807,0.9442740520332648,0.759487296864271,0.9507133592736705,0.9472648203250172,0.9419089036392767,0.9467765316243228,0.9514076447699702,0.9465629053177691,0.9459983215075913,0.946166170748455,0.9511100938429846,0.9453421835660334,0.7625543602655069,0.9512321660181582,0.950240329594873,0.9421683070115205
4,0.9544726240615272,0.9512833424891655,0.9381370933284502,0.9503601294024293,0.9365195629616065,0.9378013794787281,0.9336202160776415,0.7932155282915219,0.9378318989196119,0.941097479094183,0.9490325337239821,0.9523438930598793,0.9472776658731611,0.9382286516511018,0.9528627235549045,0.9347341756699018,0.9405481291582739,0.93583287554172,0.8063846670329001,0.9406854666422512,0.9471403283891839,0.951779283403528,0.9525880485869499,0.9474226332173594,0.9384575474577308,0.9530916193615333,0.9344442409815052,0.9412653360190442,0.9368857962522127,0.8077122627113471,0.9411890374168346,0.942844717084783,0.9522675944576695,0.9528169443935786,0.947888054690838,0.938594884941708,0.9531221388024171,0.934093267411341,0.9412348165781602,0.9368857962522127,0.8079106390770923,0.9411432582555087,0.9442409815052188,0.9526490874687176,0.9523133736189953,0.9463926020875298,0.9380455350057988,0.9525575291460662,0.9361075505096748,0.9409448818897638,0.9373283281450284,0.805423304645059,0.9408533235671123,0.9456830250869804,0.9502685710797777
5,0.9335378791348019,0.9255926485628369,0.9176016241547221,0.9296911968982308,0.9162430736822822,0.9174795072583232,0.9161514860099831,0.7755491444184945,0.917220008853475,0.9261040130665079,0.9337210544794005,0.9355986017615362,0.9329120300407565,0.9224557707865855,0.9360718047350827,0.9212193372105447,0.9223489185022363,0.9196776113935066,0.7873028956969059,0.9223489185022362,0.9336294668071011,0.9373998259834228,0.9366136984628536,0.9343926974095953,0.9228068568637326,0.9374150905954725,0.9221504785455877,0.9225626230709346,0.9202118728152526,0.7865396650944116,0.9225015646227351,0.9326067377997589,0.9367281830532278,0.936583169238754,0.9343774327975455,0.9230205614324312,0.9374150905954726,0.9220130970371387,0.9224710353986353,0.9202729312634519,0.7860054036726658,0.9224405061745357,0.9350643403397904,0.9369418876219261,0.9409412159789959,0.9339500236601487,0.9224863000106852,0.938544671887164,0.9221504785455877,0.9225778876829847,0.9200592266947536,0.7866770466028606,0.9223794477263361,0.9373235029231732,0.9369418876219261
6,0.957228557036223,0.9536261085924501,0.9237990566469753,0.9575949077254202,0.9216925401840913,0.9292179939246844,0.9265161575918549,0.7463174123429652,0.9291264062523851,0.932179328662362,0.9571064401398238,0.9632733434079773,0.9576407015615699,0.9318282425852147,0.9618079406511885,0.9320114179298133,0.9359802170627832,0.9313855688357681,0.7557356779777443,0.9358733647784342,0.9447573689914671,0.9602662148341501,0.9629222573308298,0.9538703423852483,0.9311871288791196,0.9614721191860909,0.9309886889224711,0.935491749477187,0.9304849567248249,0.755109828883699,0.9356596602097357,0.9420555326586375,0.9599303933690526,0.9628154050464808,0.9536947993466746,0.9300728121994779,0.9611820915571431,0.9303781044404756,0.9346064019782936,0.9298438430187297,0.7555830318572453,0.9346674604264932,0.9465127993772038,0.9590755750942589,0.9633038726320772,0.9513593137030422,0.9319198302575139,0.9620216452198869,0.9315992734044664,0.9365450077086291,0.9306986612935233,0.7554456503487965,0.936697653829128,0.9465585932133534,0.9596403657401047
7,0.9489364301311711,0.9542351917174401,0.9418357842014446,0.9543726235741445,0.9412555163620261,0.9433475346251927,0.9409043016171149,0.8116114648708903,0.9435002366881977,0.9484935941484571,0.9537007344969232,0.9559149144104937,0.9528837784598471,0.9459587399025762,0.9583123367996702,0.9456227953639654,0.9468749522806053,0.9420190266770504,0.8160398246980316,0.9467069800112999,0.9475010307389253,0.9594117916533054,0.954983431826164,0.953135736863805,0.9457602272206698,0.9574724754531433,0.9453021210316551,0.9469360331058072,0.9420342968833508,0.8162230671736375,0.9467986012491028,0.9467069800112999,0.9587399025760838,0.954983431826164,0.953135736863805,0.9457602272206698,0.9574724754531433,0.9453021210316551,0.9469360331058072,0.9420342968833508,0.8162230671736375,0.9467986012491028,0.9467069800112999,0.9587399025760838,0.9530822911417534,0.9580756486020127,0.9460503611403792,0.9547391085253563,0.9457296868080687,0.947302518057019,0.9426298349290698,0.8158718524287263,0.9473025180570189,0.9453326614442561,0.9584803090689756
8,0.9488941837732161,0.9485734359726294,0.9453965053763441,0.9458088954056696,0.9438080400782014,0.946878054740958,0.9406463831867058,0.6821542033235581,0.9471377077223851,0.9448619257087,0.943746945259042,0.9495280425219942,0.9484588831867058,0.9419599217986314,0.9490010997067448,0.9397605083088955,0.9436400293255133,0.9390426441837734,0.6885691593352883,0.9437316715542523,0.9422195747800587,0.9421126588465298,0.9505819281524927,0.9517121823069403,0.9433192815249268,0.9502993646138808,0.9413184261974584,0.9442357038123168,0.9392106549364615,0.6897757820136852,0.9444037145650049,0.9471529814271751,0.9431207233626588,0.9510172287390029,0.9523842253176931,0.9437163978494624,0.950635386119257,0.9416697214076246,0.9448161045943304,0.9396994134897361,0.6897452346041055,0.9450146627565982,0.9503299120234604,0.9437316715542522,0.9497724217986314,0.9502382697947214,0.9419751955034213,0.9501924486803519,0.9405852883675465,0.944403714565005,0.9405394672531769,0.692005742913001,0.9443273460410557,0.9497953323558161,0.9432887341153471
9,0.9456088053198808,0.9497057249866241,0.9462967209355652,0.9390353894366735,0.9465413131544754,0.9494611327677138,0.9470763586333409,0.7070396698005044,0.94943055874035,0.9431934571581442,0.9312084384315524,0.9457616754566995,0.9513720094779484,0.952044638079951,0.9418481999541388,0.9514484445463579,0.9529465718871819,0.950179622410762,0.7059542918290911,0.9527631277229993,0.9515401666284492,0.9271726668195368,0.9461897118397922,0.9499044561644882,0.9521516471757242,0.9415271726668195,0.9522127952304518,0.9533746082702743,0.9497362990139876,0.7067186425131851,0.9532370251471375,0.9507299549033097,0.9266834823817168,0.9455935183061988,0.948681495069938,0.9510051211495834,0.9418023389130934,0.9511427042727203,0.9520752121073147,0.9485439119468011,0.7067645035542307,0.9521363601620424,0.9439425208285561,0.9276007032026294,0.9472292287701597,0.9523503783535886,0.9539860888175495,0.9436520675686005,0.9532675991745013,0.9544905602690514,0.9512191393411297,0.7102805167010625,0.9543682641595964,0.9507758159443552,0.9293434227623634
10,0.928090626768859,0.9129071243899827,0.9079198984196918,0.9329784141845274,0.918475683448835,0.9011580767053712,0.900194287637493,0.7721327275230621,0.9009286031177811,0.9074609512445118,0.9327030458794193,0.9306836783086266,0.9193017883641591,0.9132436856517815,0.9329937124237,0.9239830495509966,0.9084094420732174,0.906099407958144,0.7792311104991815,0.9081646702464546,0.9212982085761928,0.9349059923202837,0.9305153976777272,0.9192176480487096,0.913075405020882,0.9338810102957149,0.9236770847675432,0.908241161442318,0.9057475484571724,0.7786038826931021,0.9079198984196919,0.918567472883871,0.9339116067740603,0.9295822050881943,0.9187816482322884,0.911683265256169,0.9322440987042392,0.9221319626111034,0.9073385653311303,0.9051050224119204,0.7782367249529578,0.907307968852785,0.9170682454449492,0.9323970810959659,0.9312497131580155,0.9189040341456697,0.9126929490415653,0.9346918169718665,0.9228203833738735,0.9078587054630011,0.9063441797849067,0.7817859164410177,0.9077975125063105,0.9186898587972524,0.9356709042789174
11,0.9405140007671654,0.9417568085922516,0.9316148830072881,0.9344227080935943,0.9290832374376679,0.9274721902570005,0.925615650172612,0.7732873034138857,0.9274108170310702,0.9250479478327579,0.9340698120444957,0.9396087456846951,0.9387878787878787,0.9293287303413886,0.9294054468738013,0.9290525508247027,0.9264902186421173,0.9223168392788645,0.7808208668968163,0.9266283084004604,0.9205830456463368,0.9356962025316456,0.9413808975834292,0.938849252013809,0.930126582278481,0.9319677790563866,0.9300038358266206,0.9267663981588031,0.9225163022631377,0.7810817031070195,0.9269812044495589,0.9255389336401995,0.936187188339087,0.9413808975834292,0.938849252013809,0.930126582278481,0.9319677790563866,0.9300038358266206,0.9267663981588031,0.9225163022631377,0.7810817031070195,0.9269812044495589,0.9255389336401995,0.936187188339087,0.9413808975834292,0.938849252013809,0.930126582278481,0.9319677790563866,0.9300038358266206,0.9267663981588031,0.9225163022631377,0.7810817031070195,0.9269812044495589,0.9255389336401995,0.936187188339087
12,0.9539224664224665,0.9663690476190476,0.9586385836385836,0.9369200244200244,0.9552960927960928,0.9568833943833943,0.948901098901099,0.8326923076923077,0.957112332112332,0.9553876678876678,0.9440934065934066,0.9490079365079365,0.9667506105006104,0.961019536019536,0.940018315018315,0.9584249084249084,0.9585164835164836,0.9511446886446886,0.8366452991452992,0.9586691086691087,0.9566849816849816,0.9437728937728938,0.949053724053724,0.9655906593406594,0.9613247863247862,0.9396825396825397,0.9585164835164836,0.9586691086691087,0.950656288156288,0.8349969474969475,0.9589133089133088,0.96243894993895,0.9428724053724055,0.9491605616605617,0.9664148351648352,0.961462148962149,0.9397435897435897,0.9588675213675214,0.9587912087912088,0.9507783882783882,0.8356379731379731,0.9589896214896214,0.961996336996337,0.9436050061050061,0.9497100122100122,0.9665674603174603,0.9617368742368743,0.9399725274725275,0.9583485958485958,0.9588522588522588,0.9513736263736263,0.8380647130647131,0.9589438339438339,0.9591727716727717,0.9446886446886447
13,0.9425469160706645,0.9450302585732623,0.926263830307476,0.9331102145607921,0.924552234244147,0.9293660981722599,0.9234519224891498,0.76667277950975,0.929320251849135,0.9254997249220612,0.9318265175132954,0.9450761048963874,0.9479185769301302,0.935219145424537,0.9327587260835014,0.9330185219145424,0.9380004890274467,0.9300537930191332,0.780548933308882,0.9379852069197384,0.9353566843939116,0.9363194571795341,0.9497065835320008,0.9483923222690873,0.9353872486093282,0.9360596613484932,0.933201907207042,0.9383978238278623,0.9301913319885078,0.780396112231799,0.938428388043279,0.9326135460602726,0.9364417140412006,0.9497065835320008,0.9483923222690873,0.9353872486093282,0.9360596613484932,0.933201907207042,0.9383978238278623,0.9301913319885078,0.780396112231799,0.938428388043279,0.9326135460602726,0.9364417140412006,0.9497065835320008,0.9483923222690873,0.9353872486093282,0.9360596613484932,0.933201907207042,0.9383978238278623,0.9301913319885078,0.780396112231799,0.938428388043279,0.9326135460602726,0.9364417140412006
14,0.938673990997177,0.9377126726176852,0.9186846723125047,0.9435873960479133,0.9215228503852902,0.9214160372320135,0.9241931792172122,0.7994659342336157,0.9211718928816662,0.9101548790722515,0.9456473640039674,0.9419928282597084,0.941298542763409,0.9263447013046464,0.9399099717708095,0.9272907606622416,0.9257953765163653,0.9268482490272373,0.8019073777370871,0.9254749370565346,0.9268635080491341,0.9416342412451361,0.9424048218509194,0.9414358739604791,0.927061875333791,0.9400167849240864,0.9276417181658655,0.9269398031586175,0.9276417181658656,0.8025024795910582,0.926665140764477,0.9285420004577706,0.9416189822232395,0.942374303807126,0.941191729610132,0.9270313572899977,0.9399557488364996,0.9273517967498284,0.926710917830167,0.9276264591439689,0.8022888532845045,0.9264362554360265,0.928198672465095,0.9410849164568551,0.9414816510261692,0.940840772106508,0.9264209964141298,0.9399252307927063,0.9282673380636302,0.9260852979324025,0.9283588921950102,0.8049439230945297,0.9259937438010224,0.9254825665674831,0.9420614938582436
15,0.9561767578125,0.95086669921875,0.95184326171875,0.9508514404296875,0.9528350830078125,0.9549407958984375,0.9508209228515625,0.7784271240234375,0.954986572265625,0.953857421875,0.951263427734375,0.9537506103515625,0.9535751342773438,0.9530792236328125,0.9505767822265625,0.95263671875,0.9561920166015625,0.950958251953125,0.7812957763671875,0.95623779296875,0.9547119140625,0.9525146484375,0.9537353515625,0.9531784057617188,0.9528350830078125,0.9506072998046875,0.9524383544921875,0.9558258056640625,0.950775146484375,0.78179931640625,0.9559326171875,0.9517745971679688,0.9528656005859375,0.953765869140625,0.9532699584960938,0.9529571533203125,0.9506072998046875,0.9522705078125,0.955963134765625,0.950592041015625,0.7821197509765625,0.955963134765625,0.9521560668945312,0.9527130126953125,0.9539031982421875,0.9559783935546875,0.953643798828125,0.95074462890625,0.953033447265625,0.9565887451171875,0.9506988525390625,0.7827606201171875,0.9565887451171875,0.9525299072265625,0.952789306640625
16,0.9472987450260176,0.9366926844199572,0.9231251913070095,0.9470003060912151,0.9165748393021121,0.9264615855524948,0.9263085399449035,0.8341903887358433,0.9260483624119987,0.9286654423018059,0.9488368533823079,0.9467554331190694,0.9407254361799816,0.9316345270890727,0.950137741046832,0.9267523722069178,0.9341597796143251,0.9315580042852769,0.8348943985307622,0.9338996020814203,0.9344658708295073,0.9470615243342517,0.9465870829507194,0.939485766758494,0.9309458218549127,0.9495408631772267,0.9263391490664218,0.934006734006734,0.9317110498928681,0.8354606672788492,0.933868992959902,0.9327976737067646,0.9475206611570248,0.9468013468013468,0.9381389654116927,0.9306244260789714,0.9491582491582492,0.9260636669727579,0.9337006427915518,0.9313590449954087,0.8354912764003674,0.9336241199877563,0.9348637894092439,0.9475665748393022,0.9475053565962657,0.938628711355984,0.9321548821548822,0.950275482093664,0.9267217630853996,0.9346342209978573,0.9321548821548822,0.8360728497092134,0.9347107438016528,0.9345423936333027,0.9481787572696664
17,0.9463120079492471,0.9495375678361232,0.9368646334938471,0.9361461438507988,0.9312237254452342,0.9367576243980738,0.9316976228693724,0.7303676526790491,0.9369563555759383,0.9318199189788275,0.9210425743331041,0.945700527401972,0.9527554842161583,0.9410379882289994,0.937109225712757,0.9360697087823894,0.9405335167774975,0.9352900710846136,0.7358404035771612,0.9404417946954062,0.9434380493770542,0.9079110295803715,0.9447298020331728,0.9510815562179928,0.9406405258732706,0.9365130321791638,0.9357181074677062,0.9399526102575861,0.9347244515783841,0.7369104945348928,0.9399678972712681,0.9361002828097531,0.9079874646487808,0.9439730948559198,0.9515172361079263,0.9404265076817243,0.9347244515783841,0.9358404035771613,0.9394863563402889,0.9342199801268822,0.7368799205075288,0.9396392264771077,0.9393946342581977,0.9052816632270886,0.948077658029504,0.9530841550103187,0.9431475961170984,0.9398761751891769,0.9385920660398991,0.9421845142551402,0.9366659023159826,0.7419399220362303,0.9421845142551402,0.9456546663609264,0.9104028128105175
18,0.9378960709759189,0.930001374318567,0.9241223448928794,0.9344144639394079,0.9184418281490982,0.9203200635240583,0.919495472383832,0.8218883137111181,0.9203964145555606,0.9203200635240582,0.9403240337776965,0.9464931971230931,0.9411791653305236,0.9328110922778567,0.9406752485226075,0.9286881365767252,0.9279246262617008,0.9245041000503917,0.8249118145586147,0.9279857070869028,0.9291462427657399,0.9436529387512025,0.9457754974269702,0.93949944263747,0.932444607326645,0.940629437903706,0.928993540702735,0.9276955731671934,0.9242139661306824,0.8255989738421365,0.9278635454364987,0.9318948798998276,0.9437292897827051,0.9459587399025762,0.9425153083818162,0.9323071754699407,0.9407668697604105,0.9290240811153357,0.9276650327545927,0.9245957212881946,0.824698031670408,0.9276344923419916,0.9290698917342374,0.9439888832898132,0.9458976590773742,0.9403240337776964,0.9337120344495854,0.941316597187228,0.9297417808114589,0.9295738085421533,0.9259242292363369,0.8257516759051413,0.9294974575106509,0.9262601737749477,0.9438514514331089
19,0.9266104048712744,0.9251758816976209,0.9258473606299693,0.9315091489004532,0.9215743128786607,0.924611228959055,0.9265646222167961,0.8107345063866803,0.9244738809956201,0.9231614449005754,0.9473194255802951,0.9332336288858027,0.9303187998840173,0.931905931905932,0.9530575182749097,0.9296167991820166,0.9313412791673661,0.9325468890686283,0.8144123796297709,0.9311428876646267,0.9243517939170114,0.9560944343553041,0.933432020388542,0.9305324522715827,0.9321806278328018,0.9536221710134755,0.9297236253757993,0.9313870618218443,0.932516367298976,0.8142597707815099,0.9311428876646267,0.9245807071894028,0.9561707387794344,0.933432020388542,0.9305324522715827,0.9321806278328018,0.9536221710134755,0.9297236253757993,0.9313870618218443,0.932516367298976,0.8142597707815099,0.9311428876646267,0.9245807071894028,0.9561707387794344,0.933432020388542,0.9305324522715827,0.9321806278328018,0.9536221710134755,0.9297236253757993,0.9313870618218443,0.932516367298976,0.8142597707815099,0.9311428876646267,0.9245807071894028,0.9561707387794344
20,0.9463656202786638,0.9484487310574268,0.9445114227722923,0.9440535962275091,0.9437636394158133,0.9447861186991622,0.9428937689807255,0.7510949684862729,0.9445877271964228,0.9331649549040854,0.951027820593038,0.9465411204541639,0.9492117752987318,0.945060814626032,0.9464342942603813,0.945793337097685,0.9443282921543792,0.9458238588673371,0.7526821005081874,0.9442367268454225,0.946678468417599,0.9536069101286492,0.9470065774413601,0.9488912967173837,0.9452897278984235,0.9467089901872511,0.946708990187251,0.9442519877302485,0.9455949455949455,0.7503471851297938,0.9438552047247699,0.9456102064797717,0.9531796053535183,0.9467166206296642,0.9485479268087964,0.9450150319715537,0.9471057731927298,0.9456407282494239,0.9434278999496392,0.9454118149770323,0.7516748821096647,0.9432142475620737,0.9417186808491156,0.9536374318983015,0.9468692294779251,0.951622995101256,0.9481282524760786,0.9470752514230776,0.9492880797228623,0.9468310772658599,0.9472278602713385,0.7550475376562333,0.9467547728417294,0.9525310177484091,0.9538968669403451
21,0.9443246961706031,0.9520828556141557,0.9422915233509134,0.9469999235649317,0.9394939998471299,0.9407322479553619,0.9355652373308874,0.8047848352824276,0.9409462661469081,0.9424673240082551,0.9503019185202172,0.945593518306199,0.9519223419704961,0.9428724298708246,0.9501643353970802,0.9416036077352289,0.9408545440648169,0.9367423373843919,0.8042192157761983,0.9411449973247725,0.9463425819766109,0.9525338225177712,0.9461285637850645,0.9525643965451348,0.9443705572116488,0.9500726133149889,0.9437285026370099,0.9421539402277765,0.938347473820989,0.8053504547886571,0.942352671405641,0.9382710387525798,0.9533593212565925,0.9463425819766108,0.9523350913399067,0.9440495299243292,0.9506688068485821,0.9436673545822823,0.9415577466941832,0.9376442711916226,0.8046472521592907,0.9416647557899565,0.9419246350225484,0.9529159978598181,0.9457463884430177,0.9551402583505311,0.9467553313460215,0.9495375678361232,0.9454253611556982,0.9438202247191012,0.9394481388060842,0.8070320262936636,0.9439272338148743,0.9444087747458533,0.9534510433386837
22,0.962124693627451,0.9580269607843138,0.9519607843137254,0.9616727941176471,0.9504748774509804,0.951547181372549,0.9448529411764705,0.7670649509803922,0.9517003676470589,0.959359681372549,0.9595588235294117,0.9628676470588234,0.9621783088235294,0.9567861519607843,0.9635723039215686,0.9557751225490195,0.9560049019607841,0.9497242647058824,0.7749080882352941,0.9559283088235293,0.9584635416666667,0.9579197303921569,0.9634037990196078,0.964093137254902,0.9560355392156862,0.9638327205882352,0.9558363970588236,0.9552083333333333,0.9483762254901962,0.7730085784313726,0.9553462009803921,0.9557291666666666,0.9577665441176471,0.9634803921568627,0.9646752450980393,0.9548100490196079,0.9637101715686274,0.9553308823529411,0.9549019607843137,0.9474877450980392,0.7696997549019606,0.9550551470588234,0.9549325980392156,0.958578431372549,0.9610140931372548,0.9563648897058824,0.9559742647058823,0.9635110294117646,0.9549172794117647,0.955453431372549,0.949295343137255,0.7751991421568627,0.9556678921568628,0.9581495098039216,0.956234681372549
23,0.9571908140688182,0.9495994506752116,0.9431601434348058,0.9576562142366674,0.9417105363546197,0.9406118867780574,0.935866330968185,0.8010223544670787,0.9408102540627146,0.9390630960555427,0.9527428091859311,0.9612802319371327,0.9522697795071335,0.9462272068360418,0.9593804837109942,0.9441824979018845,0.9440604257267109,0.9398641947051194,0.8054474708171206,0.9440909437705043,0.947768368047608,0.9520256351567864,0.9612268253604943,0.9525215533684291,0.946166170748455,0.9598992904554818,0.9442740520332646,0.9443808651865415,0.9398031586175326,0.8053406576638438,0.9443350881208514,0.9491950865949493,0.9523155565728236,0.9611963073167009,0.9524223697261005,0.946013580529488,0.9598077363241015,0.9440299076829175,0.9443961242084382,0.9398641947051194,0.8059967956054017,0.9441367208361944,0.9466544594491493,0.9527580682078278,0.9616617074845502,0.9533302815289539,0.9479667353322653,0.9600823987182421,0.9463340199893187,0.94531166552224,0.9416189822232395,0.809903105210956,0.9453421835660334,0.9463950560769055,0.9552758068207827
24,0.9581290943240642,0.9510208132911875,0.9434696962755966,0.9644509597324659,0.9427061859605723,0.9454395528883596,0.93949944263747,0.779467680608365,0.9451188785560493,0.9589384152579901,0.9565257226625132,0.964229541741109,0.9656878464428054,0.9477148136271321,0.968589185639898,0.9472414372318171,0.9497915616839984,0.9423855116282621,0.7816207796967336,0.9499289935407027,0.9641455556064563,0.9468291416617038,0.9645273107639686,0.966894192740544,0.9475926519767283,0.9688640493533068,0.9473788690885214,0.950310748698215,0.9421106479148533,0.7841556339426146,0.9505092613801213,0.9688487791470063,0.9457296868080689,0.9642448119474095,0.9655198741735,0.9470123841373096,0.968619726052499,0.9466306289797976,0.9496846702398949,0.9409501122360162,0.7844763082749248,0.9498373723028998,0.9679172965626767,0.9447065829859361,0.9654206178325468,0.9639699482340006,0.9478522454838365,0.9698718829691388,0.9488448088933681,0.9503260189045154,0.9447982042237392,0.7862018415868799,0.9505703422053232,0.966207033457022,0.9532426283079084
25,0.9511685060524188,0.9469860023507503,0.9384836134389646,0.9533971394117019,0.9352169864602891,0.9377356474485201,0.9357512478820351,0.8507884172123766,0.9376593243882707,0.934575872754194,0.952694967257407,0.9571369693639237,0.9498862786402283,0.9391247271450597,0.9594419257834562,0.9371555921906245,0.9369571522339759,0.9373998259834226,0.8611683534062984,0.9367892415014272,0.9426508525285829,0.9562974157011799,0.9569080001831755,0.9500236601486773,0.9384530842148646,0.9594419257834562,0.9371250629665246,0.9367434476652776,0.9374456198195724,0.8606646212086521,0.9364686846483796,0.9428492924852316,0.9567858832867763,0.9566485017783274,0.950077086290852,0.9384988780510143,0.9593350734991071,0.9371861214147242,0.9367434476652776,0.937094533742425,0.8602219474592053,0.9363313031399307,0.9380256750774679,0.9564042679855291,0.9566485017783275,0.9453603211674375,0.9391705209812092,0.9589687228099096,0.9373082383111233,0.9371555921906246,0.937598265940071,0.8617636732762436,0.936819770725527,0.9415365358489414,0.9554425974263865
26,0.9577368622938243,0.9552665899501342,0.9486306098964327,0.9542462600690448,0.9454085155350979,0.9468354430379747,0.9407134637514383,0.7977905638665133,0.9470195627157654,0.9534484081319525,0.9489067894131186,0.9553202915228233,0.9504871499808208,0.949873417721519,0.9528500191791331,0.9472803989259685,0.9480935941695435,0.9419255849635596,0.7996010740314538,0.9483390870732642,0.952988108937476,0.9457920981971616,0.9541848868431145,0.9501572688914461,0.9485845799769851,0.9519294207901803,0.9455466052934407,0.9472343690065208,0.9410970464135021,0.7976064441887227,0.9474491752972766,0.9535251246643651,0.9448868431146911,0.9540314537782892,0.9519064058304565,0.9482930571538166,0.9520368239355581,0.9455772919064058,0.9470349060222477,0.9411277330264671,0.7976371308016877,0.9478174146528577,0.9524510932105869,0.945132336018412,0.954783275795934,0.9501802838511698,0.9495818948983505,0.952850019179133,0.946313770617568,0.9483544303797469,0.9426160337552743,0.8017337936325278,0.9484618335251247,0.951392405063291,0.947295742232451
27,0.9469965745045267,0.9367277342794226,0.9412619280645951,0.9457425984829948,0.9464001712747736,0.9369494739417666,0.9334322241252753,0.837243087839491,0.9369188891607535,0.942179471494984,0.9488163689747982,0.9488545999510645,0.9430434915586005,0.9445344996329825,0.9490763396134083,0.9463542941032541,0.9377905554196233,0.9351449718620014,0.8420296060680205,0.9382340347443113,0.941705407389283,0.9502997308539272,0.9481358575972597,0.9417589307560558,0.9431734768779054,0.9487857841937851,0.9446415463665281,0.9371941521898703,0.9342733056031318,0.8425036701737215,0.9375764619525324,0.9441216050893075,0.9505749938830439,0.9482429043308049,0.9423094568142892,0.943785172498165,0.9488469537558111,0.945146195253242,0.9376988010765842,0.9349002936138977,0.8424425006116955,0.9376529239050647,0.9434640322975287,0.9508349645216541,0.949252202104233,0.9416518840225103,0.9449168093956447,0.9496421580621484,0.9471953755811109,0.9391209933936873,0.936200146806949,0.841693173476878,0.9395644727183754,0.9447791778810865,0.950957303645706
28,0.9579000489356497,0.9568142892096893,0.9466907266943969,0.9494892341570835,0.9430817225348668,0.9461860778076829,0.9392127477367263,0.7745595791534132,0.9462319549792023,0.9510490579887448,0.9475623929532666,0.9619678248103744,0.9647816246635674,0.94698128211402,0.9547651088818204,0.9455285050159041,0.946507218008319,0.9390751162221678,0.7794990212870075,0.9465378027893321,0.9426917665769513,0.9481129190114997,0.9641852214338146,0.9651486420357229,0.947011866895033,0.9559579153413261,0.9456814289209688,0.9465989723513579,0.9391668705652066,0.7798354538781502,0.9464919256178127,0.9447409469048201,0.9482199657450453,0.9641852214338146,0.9651486420357229,0.947011866895033,0.9559579153413261,0.9456814289209688,0.9465989723513579,0.9391668705652066,0.7798354538781502,0.9464919256178127,0.9447409469048201,0.9482199657450453,0.9672436995351114,0.9648122094445803,0.947868240763396,0.957976510888182,0.9458190604355273,0.9474553462197212,0.9397632737949596,0.779697822363592,0.9470883288475654,0.9507279177881087,0.9506667482260827
29,0.950496183206107,0.9418320610687023,0.9372366412213741,0.9475725190839694,0.935236641221374,0.9368702290076336,0.9357862595419847,0.7738320610687023,0.9363969465648855,0.9343969465648854,0.9471908396946566,0.9431297709923665,0.935679389312977,0.9329160305343511,0.9384427480916031,0.9286412213740458,0.9329618320610688,0.9335114503816795,0.7868702290076335,0.9327480916030534,0.9387480916030535,0.9438167938931299,0.9446717557251908,0.9356183206106871,0.9328244274809161,0.940702290076336,0.928534351145038,0.9329312977099237,0.9335725190839694,0.7867633587786258,0.9325954198473281,0.9384427480916031,0.9441832061068702,0.9446717557251908,0.9356183206106871,0.9328244274809161,0.940702290076336,0.928534351145038,0.9329312977099237,0.9335725190839694,0.7867633587786258,0.9325954198473281,0.9384427480916031,0.9441832061068702,0.944885496183206,0.9358015267175572,0.9326106870229007,0.9414045801526718,0.9285190839694657,0.9330076335877864,0.9336488549618321,0.7871145038167938,0.9326717557251908,0.939557251908397,0.944854961832061
30,0.9427559344905846,0.9430856284119487,0.9394896644789302,0.9382322271974483,0.9387689382322273,0.9374041587437894,0.9315310065632092,0.7907747040422008,0.9374041587437894,0.9385312519168251,0.9462828927191315,0.951995031589278,0.9477703490155187,0.9447494326197633,0.9506379194013371,0.9440133717720665,0.9441667177820032,0.9368367785070232,0.7984113353370546,0.944473409801877,0.9457155124823652,0.9503005581794761,0.951995031589278,0.9477703490155187,0.9447494326197633,0.9506379194013371,0.9440133717720665,0.9441667177820032,0.9368367785070232,0.7984113353370546,0.944473409801877,0.9457155124823652,0.9503005581794761,0.951995031589278,0.9477703490155187,0.9447494326197633,0.9506379194013371,0.9440133717720665,0.9441667177820032,0.9368367785070232,0.7984113353370546,0.944473409801877,0.9457155124823652,0.9503005581794761,0.951995031589278,0.9477703490155187,0.9447494326197633,0.9506379194013371,0.9440133717720665,0.9441667177820032,0.9368367785070232,0.7984113353370546,0.944473409801877,0.9457155124823652,0.9503005581794761
31,0.9388191127321561,0.9430005951745083,0.9347291955987608,0.9342103255146733,0.9321653669479756,0.9418407679277244,0.9419781158911593,0.7938559677690112,0.9417339417339418,0.9346376302898042,0.9425885512842035,0.9384986341508081,0.940589375371984,0.9352785874525006,0.9406962015657668,0.9339356295878035,0.9420238985456376,0.9421307247394204,0.8028446289315855,0.9419781158911594,0.9443130312695531,0.94087933218368,0.9385291559204603,0.9404978100630276,0.9353854136462831,0.9406809406809407,0.9336914554305858,0.9419628550063333,0.9419475941215071,0.8027072809681506,0.941627115540159,0.9461519678910983,0.9407419842202451,0.9385138950356342,0.940421505638897,0.9355075007248921,0.9409403757229845,0.9337372380850643,0.9419018114670289,0.9419781158911594,0.8013338013338013,0.9414897675767241,0.9447555969295099,0.9409556366078106,0.9386817647687212,0.9410166801471148,0.9366368062020236,0.9407114624505929,0.934607108520152,0.9429853342896821,0.9427564210172904,0.8024020632716284,0.9428479863262471,0.9426801165931601,0.9409861583774627
32,0.9538856069972982,0.9488177557967364,0.9361175985712322,0.952450733464609,0.939735311627055,0.9351253987879898,0.9220283616491886,0.7780830700187755,0.9356749248217857,0.9426966463647326,0.9508326845873212,0.9569766909373999,0.9510692860740945,0.9435667292515761,0.9548930713925905,0.9467265039459022,0.9408648929187465,0.9269893605654013,0.7810138755323532,0.9411854497717941,0.9489246080810856,0.9473676176519973,0.9572209247301979,0.9521607058356613,0.9426508525285829,0.9557478896673842,0.9467112393338523,0.9405901299018485,0.9263177176352063,0.7818839584191968,0.9406359237379983,0.9501457770450764,0.9478255560134939,0.9573735708506969,0.9532292286791532,0.9421013264947872,0.9561295049686312,0.9463906824808048,0.9396589885668055,0.9253560470760636,0.7811512570408022,0.9400558684801026,0.9457190395506098,0.9477034391170949,0.9564576941277038,0.9493978110546322,0.944497870586619,0.954419868419044,0.9463601532567049,0.941597594297141,0.9275083573750973,0.782509807513242,0.9420402680465876,0.9492146357100334,0.9470623254109997
33,0.9527784147366811,0.9582205916074293,0.9523198043262249,0.9527478407093174,0.9509286860811741,0.9549644576931897,0.9506076587938547,0.7854620499885347,0.954903309638462,0.9599327371397999,0.9549491706795078,0.9574333104028129,0.9550256057479172,0.9520904991209966,0.9568753344034242,0.9508063899717191,0.9545669953374608,0.9501184743560346,0.7869601773293587,0.9547198654742797,0.9557135213636017,0.9558358174730567,0.9573110142933577,0.956416723992968,0.9523350913399069,0.956905908430788,0.9514025835053123,0.9552243369257816,0.9503936406023085,0.7868378812199037,0.9551173278300084,0.9567148207597646,0.9562638538561492,0.9572040051975846,0.9563326454177176,0.9523045173125431,0.9571199266223344,0.9514484445463578,0.9550103187342354,0.9505312237254452,0.7877092409997706,0.9548574485974164,0.9584116792784528,0.9565084460750591,0.9572422227317894,0.9563555759382404,0.9523962393946344,0.9572575097454712,0.9514484445463578,0.9549797447068715,0.9509898341359015,0.7887334709164566,0.9550256057479171,0.9597492929756172,0.9563555759382405
34,0.9444198574633357,0.9432295084468998,0.9414287240374196,0.9449845102019016,0.9391243304286784,0.9390022433500693,0.9380560684908511,0.8372884459840981,0.9390175042348955,0.9313565400521923,0.9546446502968242,0.9460451416973157,0.9433668564103346,0.9421765073938987,0.9464190333755551,0.9394600698948524,0.9411540281105498,0.9383155035328947,0.8389366215453171,0.9411387672257236,0.9464342942603813,0.9531948662383444,0.9459840981580112,0.9433821172951609,0.9417949852732461,0.9466479466479466,0.9397652875913746,0.9410929845712455,0.9383765470721992,0.8390281868542738,0.9410624628015933,0.9443740748088574,0.9536221710134754,0.9462740549697073,0.9433668564103347,0.9418560288125506,0.9465869031086422,0.9393379828162436,0.9408182886443756,0.9381323729149815,0.8392876218963176,0.9409556366078105,0.9481129915912524,0.9531643444686922,0.9459306850611198,0.9443435530392051,0.9417186808491156,0.946861599035512,0.938925938925939,0.9410472019167672,0.9384223297266776,0.839501274283883,0.9410014192622889,0.9480824698216003,0.9536832145527797
35,0.934607108520152,0.9511117554595816,0.9337677598547164,0.9360874143482839,0.9314786271308011,0.9372167198254154,0.9373845895585026,0.8242098676881287,0.9370793718619805,0.941901811467029,0.9341798037450212,0.9413982022677676,0.9507683855509943,0.9403299403299403,0.9406198971416363,0.9360568925786316,0.9412303325346804,0.939841592015505,0.8319013536404842,0.9411998107650282,0.945198162589467,0.9372167198254155,0.9410166801471147,0.949700123613167,0.9402078532513314,0.9405130709478535,0.9357669357669357,0.9410319410319411,0.9397195049368963,0.8319471362949623,0.941031941031941,0.9474109908892516,0.9374608939826332,0.9406198971416363,0.9491812535290796,0.9396584613975918,0.9405741144871579,0.9359805881545012,0.9404825491782013,0.9394142872403742,0.8319318754101362,0.9404978100630274,0.9486776443298182,0.9370946327468067,0.9410929845712455,0.9586353716788499,0.9408488104140277,0.9403299403299403,0.9365299800082408,0.9416576373098112,0.940131548827201,0.8323591801852671,0.9415813328856807,0.9438246829551178,0.9370335892075023
36,0.9428342490842491,0.9509310134310134,0.9355769230769231,0.9429181929181929,0.9338827838827838,0.9358058608058608,0.9323565323565324,0.7846306471306471,0.9357905982905983,0.9312576312576313,0.9533424908424909,0.9523351648351649,0.953525641025641,0.9400641025641026,0.9488247863247863,0.9400030525030525,0.9407203907203908,0.9371184371184371,0.7891025641025642,0.9406440781440781,0.9353479853479852,0.9523504273504273,0.9538461538461538,0.9534951159951159,0.9401709401709402,0.9497405372405372,0.93998778998779,0.9408272283272283,0.9372100122100122,0.7892857142857144,0.9406898656898657,0.9341269841269841,0.9526404151404151,0.9538461538461538,0.9534951159951159,0.9401709401709402,0.9497405372405372,0.93998778998779,0.9408272283272283,0.9372100122100122,0.7892857142857144,0.9406898656898657,0.9341269841269841,0.9526404151404151,0.9538461538461538,0.9534951159951159,0.9401709401709402,0.9497405372405372,0.93998778998779,0.9408272283272283,0.9372100122100122,0.7892857142857144,0.9406898656898657,0.9341269841269841,0.9526404151404151
37,0.943127599706386,0.9511713971127967,0.9233239540004893,0.9430511377538536,0.931214827501835,0.9327899437240029,0.9287833374113041,0.791044776119403,0.9325299730853925,0.9543980915096648,0.9495045265475898,0.9460713848788843,0.9537022877416198,0.9346862001468069,0.9507432101786151,0.938356373868363,0.9417206997797896,0.9366589185221433,0.7983086616099828,0.9418736236848544,0.955606190359677,0.9534805480792757,0.9462243087839491,0.9536869953511132,0.9346709077563004,0.9508196721311476,0.9380505260582334,0.941384267188647,0.9368730119892343,0.7983086616099828,0.9416595302177636,0.9566843038903843,0.9535723024223145,0.9464231098605334,0.953740518717886,0.9342580132126255,0.9507585025691216,0.9375152923905065,0.9413995595791534,0.9362307315879618,0.7987521409346708,0.9414454367506727,0.9556214827501835,0.953740518717886,0.9451614876437484,0.9518060313188157,0.9339521654024958,0.9508196721311474,0.9378976021531686,0.9411548813310495,0.9358790066063126,0.7968405921213604,0.9411854661120624,0.9552850501590409,0.952792390506484
38,0.9617368742368742,0.9454670329670329,0.9463369963369963,0.9577380952380953,0.9442918192918194,0.9397588522588521,0.9376221001221001,0.8244505494505496,0.9396825396825397,0.9456272893772892,0.95006105006105,0.9624694749694749,0.9468559218559219,0.9474816849816851,0.9532051282051281,0.945764652014652,0.9425518925518925,0.9382020757020756,0.8383394383394384,0.9427960927960928,0.9470161782661783,0.948076923076923,0.9616834554334555,0.9475961538461538,0.9481837606837608,0.9526556776556776,0.9457341269841271,0.9424908424908426,0.9376373626373626,0.837881562881563,0.9429868742368741,0.9425747863247863,0.947893772893773,0.9615308302808302,0.9466727716727718,0.9478021978021979,0.9527167277167277,0.9452762515262515,0.9423840048840049,0.9377136752136752,0.8371184371184371,0.9428418803418803,0.9424221611721612,0.9480311355311355,0.9615003052503052,0.9464438339438339,0.9476037851037852,0.9523809523809523,0.9448336385836386,0.9422771672771673,0.9377899877899878,0.8393009768009768,0.9425518925518926,0.9430860805860806,0.9478327228327229
39,0.9588311589227131,0.9573815518425269,0.9474326695658808,0.952697032120241,0.945967803463798,0.9433890287632563,0.9355153734645609,0.765316243228809,0.9439230945296407,0.9420614938582437,0.9523918516823071,0.955367360952163,0.9581902800030517,0.9516594186312658,0.9521171892881666,0.9479972533760587,0.9489127946898603,0.9407797360189212,0.7709925993743801,0.949279011215381,0.9436789501792935,0.9486533913176165,0.955085069047074,0.9588693064774548,0.9512016479743648,0.9519035629816128,0.9460746166170748,0.9482719157701992,0.9398489356832227,0.7698176546883344,0.9487449454489967,0.9452277409018082,0.9473868925001907,0.9552834363317311,0.9587930113679715,0.950988021667811,0.9525902189669642,0.9446097505149921,0.9482413977264057,0.9395742732890822,0.7678034637979705,0.9487449454489968,0.9524986648355841,0.9470817120622568,0.9577859159227893,0.9578393224994278,0.951247425040055,0.9535820553902494,0.9484245059891661,0.9476615548943312,0.9398489356832227,0.7713130388342108,0.9479819943541619,0.9523918516823071,0.948928053711757
40,0.9481703595190135,0.9441189037416835,0.926707562717451,0.9425776719770494,0.9257614600500518,0.9273026918146858,0.919718610755051,0.7654733565281084,0.9272263932124762,0.9250900323506073,0.9367179393273516,0.9532594762863945,0.9481245803576878,0.9368857962522127,0.9435085149240066,0.9344595007019472,0.9360312519074652,0.926890679362754,0.7809161936153328,0.9362143685527682,0.9397698834157358,0.9443477995483123,0.9542055789537935,0.9481550997985717,0.9366569004455838,0.9442562412256607,0.9339406702069218,0.9356650186168589,0.9266617835561253,0.7806567783678202,0.93583287554172,0.9371299517792834,0.9449734480864311,0.9542055789537935,0.9481550997985717,0.9366569004455838,0.9442562412256607,0.9339406702069218,0.9356650186168589,0.9266617835561253,0.7806567783678202,0.93583287554172,0.9371299517792834,0.9449734480864311,0.954709149728377,0.948109320637246,0.9365653421229323,0.945553317463224,0.9338033327229447,0.9355887200146493,0.9264481474699384,0.7801989867545627,0.9358328755417201,0.938579625221266,0.9447445522798023
41,0.9375763685239492,0.9523154936461389,0.9340481427174976,0.9319250977517106,0.9301838954056697,0.9280455767350928,0.9232190860215054,0.7683895405669598,0.9280150293255133,0.931436339198436,0.9264571114369502,0.9370570625610949,0.9488559995112413,0.9339412267839687,0.9330553519061585,0.9318792766373413,0.9301228005865103,0.9248075513196481,0.7734604105571847,0.9304893695014663,0.9293285679374389,0.9269916911045943,0.9369806940371458,0.9487032624633431,0.9349645650048876,0.9328109726295211,0.9328567937438905,0.9316043499511242,0.9259836265884652,0.7733382209188661,0.9318945503421309,0.9276637341153471,0.926655669599218,0.9364461143695014,0.9469315127077224,0.9346896383186706,0.9322305718475075,0.9312225073313782,0.9293591153470186,0.9236772971652004,0.7713068181818182,0.9293896627565984,0.9329789833822093,0.9261058162267839,0.9391648338220919,0.9525293255131965,0.9361864613880744,0.9351936705767352,0.9333455522971652,0.9325818670576735,0.9269305962854351,0.7733382209188662,0.9325665933528837,0.9328873411534703,0.9291147360703813
42,0.9424924030723656,0.9536396536717212,0.9324446073266448,0.9428130774046758,0.9339105471314918,0.9280620581184053,0.9202895231114572,0.6986577488661873,0.9284285430696169,0.9525401988180859,0.9485852153862598,0.947836975277536,0.9548001893505581,0.9401560615083909,0.9469513033121078,0.9421106479148534,0.9373158031365004,0.9281384091499076,0.7032693511689343,0.9375143158184067,0.9440499641150152,0.9508299357124316,0.9485317696642079,0.9555636996655824,0.941789973582543,0.9478369752775361,0.941851054407745,0.9396521447004749,0.9289019194649318,0.7014980072380776,0.9399880892390856,0.9474704903263244,0.9513491227266481,0.9482569059507994,0.9560370760608975,0.9413165971872279,0.9473177882633194,0.941759433169942,0.9397743063508789,0.9287339471956266,0.7010246308427627,0.9401407913020906,0.946645899186098,0.9505550719990227,0.948180554919297,0.9576251775161482,0.9421564585337547,0.9468444118680043,0.9431948325621878,0.9379418815948204,0.9284590834822178,0.703635836120146,0.9382930963397315,0.9458823888710737,0.9509215569502343
43,0.9524965273007587,0.948894078856986,0.9514890629054663,0.9468486208423014,0.9507105676909222,0.9518554135946635,0.9503900108378746,0.8049793164506724,0.9517790905344141,0.9520691181633619,0.9582512860435654,0.9511074476042192,0.9502373647173757,0.9545419853154432,0.9529544656622552,0.9544656622551937,0.9545267207033932,0.9527407610935568,0.8062462792508128,0.9546335729877424,0.9561295049686312,0.9572896154844224,0.9517180320862145,0.9503442170017251,0.9548014837202913,0.9534887270840011,0.9542366930744455,0.954038253117797,0.9525881149730581,0.8057425470531666,0.9540535177298468,0.9554578620384363,0.9570301170795743,0.9516417090259651,0.9504205400619743,0.9546946314359421,0.9533055517394026,0.9539466654454978,0.9537634901008991,0.9523896750164096,0.8060325746821145,0.9537940193249989,0.9570453816916242,0.9568316771229259,0.9514585336813665,0.952084382775412,0.9547251606600418,0.9533055517394026,0.9543740745828945,0.9542366930744456,0.9526491734212574,0.8071926851979058,0.9543435453587947,0.9579917876387172,0.957091175527774
44,0.9621767834219694,0.9626123234916559,0.9545968579986552,0.9594260040344765,0.9507152026407482,0.9492481203007519,0.9435478941255578,0.7623937893514273,0.9492634024084602,0.9530992114432423,0.9548719359374045,0.9619322696986368,0.9625741182223851,0.9554526560303197,0.958310410171771,0.9534048535974081,0.9524420808117856,0.9477963200684639,0.7688275566966196,0.9527477229659514,0.9551240907145913,0.9535118283513662,0.9625129897915521,0.9600525704505165,0.9548719359374045,0.9584785133565621,0.9529158261507428,0.9516321291032459,0.9468946757136745,0.7707225380524483,0.9519683354728284,0.9573552784400023,0.9551317317684455,0.9628491961611346,0.9638425331621737,0.9558347087230271,0.9588452839415612,0.9540619842288649,0.9524267987040773,0.9480255516840882,0.771074026529739,0.952625466104285,0.9580735375022924,0.9556360413228192,0.962360168714469,0.9617947307292622,0.9548108075065714,0.9588911302646862,0.9533742893819915,0.9518766428265786,0.9467877009597163,0.7706002811907819,0.9520141817959533,0.9535347515129287,0.9551470138761539
45,0.9395132372014953,0.9476386663614862,0.9376821545738919,0.9364919508659495,0.9375600823987182,0.939482719157702,0.9348897535667964,0.8236514839398795,0.9394064240482185,0.9396047913328756,0.9403982604715037,0.9382772564278631,0.9484397650110628,0.93505760280766,0.9392538338292515,0.9357900358587016,0.94018463416495,0.9347829404135195,0.8324559395742732,0.9400167849240864,0.9455863279163805,0.9436179140917067,0.9382925154497597,0.9492256046387426,0.9350270847638666,0.939375906004425,0.9359273670557718,0.9402609292744335,0.934813458457313,0.8331578545815214,0.9399252307927063,0.943144884412909,0.9441672388799878,0.9382619974059663,0.9487830930037384,0.9349202716105898,0.939330128938735,0.9358358129243916,0.9399252307927062,0.9348744945448997,0.8333714808880751,0.9397573815518425,0.9402304112306401,0.9439841306172274,0.9384908827344167,0.9494010833905546,0.9360036621652553,0.9393148699168383,0.9362935835812924,0.9409628442816815,0.9359426260776684,0.8329137102311741,0.9407186999313345,0.9442282749675746,0.9438773174639506
46,0.9369472925958281,0.941552868331111,0.9263107882354744,0.9416218370193267,0.9314451239137431,0.9301270556500683,0.9296672643952979,0.8360537649240579,0.9299278127730011,0.9235673670820114,0.9433537174122948,0.9412540040155102,0.9464879611323126,0.9354299814550862,0.9449936395543089,0.9386485202384784,0.9374530629760756,0.9338360384385489,0.8429353073704537,0.9376829586034606,0.9305561941545205,0.9471853112020475,0.9416371633944856,0.9463346973807225,0.9329164559290082,0.945070271430104,0.9374837157263937,0.9360277100862875,0.9331310251812344,0.8423529051144114,0.9359204254601745,0.9369166398455101,0.946265728692507,0.9417137952702805,0.9455760418103515,0.932671233926464,0.9453308198078072,0.9375756739773476,0.9359357518353334,0.9330390669302804,0.8409582049749414,0.9360123837111285,0.9329011295538493,0.9458365901880545,0.9418670590218708,0.9467025303845388,0.9355219397060401,0.9448403758027188,0.93939951262127,0.9372384937238493,0.9338053856882308,0.8429199809952947,0.9373917574754395,0.9422502184008461,0.9472772694530016
47,0.9486310260051614,0.9439965183929635,0.9300777253500695,0.9450425275245469,0.9326583902148518,0.929940293493365,0.9282758410066119,0.8035640661505337,0.9300471849374685,0.9332844686731716,0.9419121352329469,0.9469742086215585,0.9408737612045139,0.9330706857849649,0.9384916090216379,0.935177974254432,0.9338189258936888,0.9324293371203445,0.8079771557713745,0.9338341960999893,0.9365064822025745,0.9369187777726878,0.9486768366240628,0.940629437903706,0.9332081176416693,0.9396979553193764,0.935177974254432,0.9340785194007971,0.9324598775329455,0.8075495899949607,0.9340327087818956,0.9367508055033824,0.9379418815948204,0.9486768366240628,0.940629437903706,0.9332081176416693,0.9396979553193764,0.935177974254432,0.9340785194007971,0.9324598775329455,0.8075495899949607,0.9340327087818956,0.9367508055033824,0.9379418815948204,0.9486768366240628,0.940629437903706,0.9332081176416693,0.9396979553193764,0.935177974254432,0.9340785194007971,0.9324598775329455,0.8075495899949607,0.9340327087818956,0.9367508055033824,0.9379418815948204
48,0.9469070434570312,0.9525299072265625,0.9406585693359375,0.9349365234375,0.944244384765625,0.939910888671875,0.9316558837890625,0.8008575439453125,0.9401397705078125,0.9529876708984375,0.9390869140625,0.9438323974609375,0.9520721435546875,0.943328857421875,0.9374237060546875,0.9470062255859375,0.94366455078125,0.9337310791015625,0.805633544921875,0.94378662109375,0.9542236328125,0.9405670166015625,0.94317626953125,0.951751708984375,0.9433441162109375,0.9374542236328125,0.9461669921875,0.942901611328125,0.9334869384765625,0.804290771484375,0.9432373046875,0.953704833984375,0.9403533935546875,0.94329833984375,0.9515533447265625,0.9430694580078125,0.9375,0.9461822509765625,0.9430999755859375,0.9334716796875,0.8042449951171875,0.9433441162109375,0.955902099609375,0.9404449462890625,0.9438323974609375,0.9515838623046875,0.9443206787109375,0.937225341796875,0.948974609375,0.9445343017578125,0.9353179931640625,0.8050689697265625,0.94464111328125,0.9549407958984375,0.9395751953125
49,0.9388223415484878,0.9422109015252345,0.9395260605504306,0.9430293573209724,0.9389141309835238,0.9423409365582022,0.9438554622362967,0.7723316046323069,0.941836094665504,0.9370783422828032,0.9430752520384903,0.9466626891244818,0.9428304802117277,0.9399238147689201,0.947741214986155,0.9353649394954642,0.9434577080178073,0.9417749017088134,0.775069989444215,0.9433506203435985,0.9458059877308121,0.9395719552679487,0.944956935456729,0.9421879541664754,0.940719323205899,0.9477106185078097,0.9364205179983784,0.9438401639971239,0.9421267612097847,0.7758349014028486,0.943886058714642,0.938026833111509,0.9392965869628406,0.9448345495433476,0.9421879541664754,0.940994691511007,0.9479859868129179,0.9374302017837747,0.9439166551929874,0.9426010066241376,0.7770434622974896,0.9440084446280234,0.9398014288555386,0.9396178499854667,0.9449416372175562,0.9424786207107562,0.9406734284883809,0.9476800220294643,0.936481710955069,0.9447427601083116,0.9423103400798568,0.7751770771184237,0.9445285847598941,0.9421726559273028,0.9399544112472655
50,0.9591880341880341,0.954532967032967,0.9596916971916971,0.9571275946275946,0.9582417582417582,0.9608516483516483,0.9597985347985347,0.8280372405372405,0.9603632478632479,0.9531440781440781,0.9601953601953602,0.9628663003663004,0.9600885225885225,0.9651862026862026,0.9581807081807081,0.9641941391941391,0.9641178266178266,0.9606227106227107,0.8265567765567766,0.9639652014652014,0.9583791208791208,0.95995115995116,0.9630799755799757,0.9591956654456654,0.9637820512820513,0.9576923076923076,0.9642857142857142,0.9622557997557998,0.9601648351648352,0.8270909645909645,0.9623168498168498,0.9559371184371184,0.9597985347985348,0.9627747252747253,0.9567078754578754,0.963125763125763,0.9576770451770451,0.9642551892551892,0.9618284493284494,0.9597985347985347,0.8276251526251526,0.9617521367521368,0.9563492063492063,0.958974358974359,0.9644383394383395,0.9598366910866911,0.9659340659340658,0.9593559218559219,0.9656593406593406,0.9641636141636142,0.9609737484737485,0.8312271062271062,0.964010989010989,0.9606532356532356,0.9609279609279608
51,0.9580909188083131,0.9500816956037076,0.9511811504573426,0.9527692519125933,0.9488906195122696,0.9483256218791516,0.9469207628995068,0.8230183089773543,0.9483103516728512,0.9501580466352101,0.9535327622276177,0.9617939438361812,0.949623589414693,0.9537160047032235,0.9574724754531434,0.9526623604684898,0.9518072289156626,0.9520820926290714,0.8331729961671782,0.9516087162337564,0.9518912150503153,0.9562661291554049,0.9618397544550826,0.9515476354085544,0.9536396536717211,0.9578084199917541,0.9525860094369875,0.9516697970589583,0.9519141203597661,0.8338601554507002,0.95141020355185,0.9482492708476492,0.9565104524562127,0.9619924565180876,0.9520057415975689,0.9536549238780216,0.9580374730862614,0.9523722265487806,0.9513949333455494,0.952066822422771,0.8349137996854337,0.9510742590132393,0.9518835799471651,0.9573808542153405,0.9619161054865851,0.9490738619878755,0.9538839769725289,0.9579611220547589,0.952570739230687,0.9519904713912686,0.9522195244857757,0.8341502893704095,0.9516392566463573,0.9544107990898957,0.95673950555072
52,0.9417724609375,0.9437255859375,0.9459075927734375,0.9423065185546875,0.9468841552734375,0.9485015869140625,0.9485931396484375,0.8531341552734375,0.9483184814453125,0.938568115234375,0.9431304931640625,0.93780517578125,0.9382400512695312,0.9429931640625,0.9460601806640625,0.94439697265625,0.9450836181640625,0.9459228515625,0.861328125,0.9450531005859375,0.9409637451171875,0.946197509765625,0.9385299682617188,0.9390487670898438,0.942901611328125,0.946380615234375,0.944183349609375,0.9454345703125,0.9460296630859375,0.8602447509765625,0.945220947265625,0.9407196044921875,0.9461822509765625,0.9385833740234375,0.9386062622070312,0.9425811767578125,0.94586181640625,0.9439239501953125,0.9449310302734375,0.946197509765625,0.859771728515625,0.9449310302734375,0.9395370483398438,0.946685791015625,0.9390869140625,0.9402618408203125,0.944000244140625,0.947235107421875,0.9463043212890625,0.9475555419921875,0.9483489990234375,0.8614044189453125,0.9473876953125,0.940093994140625,0.94586181640625
53,0.9524420808117855,0.9410569105691057,0.9393758787211932,0.9491258634390854,0.9368543309493245,0.9381227458891129,0.9346231432239134,0.7913381013509384,0.9382144385353628,0.9279601442630968,0.9469710862522159,0.9498288403936671,0.9378553090042179,0.9407512684149397,0.9486521181001284,0.9378935142734885,0.9394370071520264,0.9362124824255761,0.7963200684638425,0.9394064429366098,0.9388562870591112,0.9430435845711842,0.9485451433461703,0.9384513112048414,0.9401705483220244,0.9481478085457546,0.9363805856103674,0.9395286997982762,0.9363653035026591,0.79867351305092,0.939467571367443,0.9332477535301669,0.9441744605415979,0.9488507855003362,0.9386423375511951,0.9399260345986918,0.9483770401613791,0.9361360718870346,0.9396968029830675,0.9360290971330766,0.7975120728650895,0.9395745461214011,0.9320404670212116,0.9432269698636836,0.9512271532489761,0.9390778776208815,0.9398496240601504,0.9500733541169998,0.9385964912280702,0.9392994681826518,0.936930741487866,0.7995751574057093,0.9393300323980683,0.9344550400391223,0.9452289259734702
54,0.9445487144274052,0.9423514152742809,0.9225299458304723,0.9397878995956359,0.9172808422980088,0.9187762264438849,0.9136644541084916,0.7479056992446784,0.9190051117723355,0.929533836881056,0.946364538033112,0.9410238803692683,0.9419089036392767,0.9220416571297779,0.9419851987487601,0.9206073090714886,0.9219043259327077,0.9170214389257648,0.7533836881055924,0.9218280308232243,0.9398794537270161,0.9500572213321126,0.9413138017853055,0.9435721370260166,0.922087434195468,0.9420157167925536,0.9197528038452736,0.9220569161516746,0.9168841077286947,0.7532158388647288,0.9218890669108111,0.9398489356832227,0.9503776607919432,0.9414358739604791,0.9435416189822232,0.9221026932173647,0.9422293430991073,0.9205310139620051,0.922346837567712,0.9168535896849012,0.7526207370107575,0.9219195849546045,0.9398184176394294,0.9508964675364309,0.9418326085297932,0.9423285267414359,0.9230334935530633,0.9425345235370413,0.921690699626154,0.9235217822537576,0.9186541542687114,0.7551232166018158,0.9233691920347906,0.9401388570992599,0.9507438773174639
55,0.9435270957010088,0.9449387275474234,0.9360721534634578,0.9448471622384665,0.9376745463701986,0.9370793718619805,0.9374303722129809,0.7967555358859707,0.9370335892075023,0.9377203290246768,0.9457475544432067,0.9453660323225541,0.9487386878691226,0.9421765073938987,0.9465105986845117,0.9417644635035939,0.9430768995986387,0.942649594823508,0.8037450211363255,0.9426190730538556,0.9446716620629665,0.945366032322554,0.94655638133899,0.951027820593038,0.9447250751598578,0.9463122071817724,0.9433058128710302,0.9444809010026401,0.9432295084468999,0.8036839775970213,0.944297770384727,0.9473346864651214,0.9458391197521633,0.9468234468234468,0.9520502998763869,0.9445419445419446,0.9461290765638593,0.9440993788819875,0.9445572054267708,0.9430005951745082,0.8029361942405421,0.9443282921543792,0.9438246829551179,0.9453049887832496,0.9470828818654906,0.9496543409586887,0.9391701130831565,0.9473499473499474,0.9402383750209838,0.9415355502312025,0.9408335495292017,0.8053779358127184,0.9411235063408977,0.9415660720008546,0.9464342942603812
56,0.9541208791208791,0.9530982905982905,0.9363553113553114,0.955509768009768,0.9464438339438338,0.9393315018315018,0.9332264957264957,0.8075091575091575,0.9392399267399267,0.9503052503052503,0.9283119658119658,0.9548687423687423,0.9556166056166057,0.9394383394383394,0.9558608058608058,0.9469169719169719,0.9415903540903541,0.9353937728937728,0.8112332112332112,0.9417735042735044,0.9461233211233212,0.9232753357753356,0.9542124542124542,0.955181623931624,0.9386446886446886,0.9543650793650793,0.9457875457875458,0.9405067155067155,0.9346001221001221,0.809508547008547,0.9404304029304029,0.9506105006105006,0.9223290598290598,0.9531746031746032,0.9538843101343101,0.9382936507936508,0.9528235653235654,0.9448260073260072,0.9401251526251526,0.9338827838827838,0.8083485958485959,0.9402319902319902,0.9478632478632478,0.9202075702075702,0.9554029304029303,0.959981684981685,0.9411782661782662,0.9573870573870573,0.9509004884004884,0.9438034188034188,0.9379884004884005,0.813980463980464,0.9437271062271061,0.9527472527472527,0.9288003663003662
57,0.9550698100251774,0.946272983901732,0.944808117799649,0.9590753032730601,0.9416647592889296,0.9438315403982604,0.939940489814603,0.7941863126573587,0.9437857633325704,0.9448386358434424,0.9470817120622569,0.958587014572366,0.9502937361715115,0.94702067597467,0.9613794155794615,0.9463492790112155,0.9454184786755168,0.9429159990844587,0.8002288853284505,0.945464255741207,0.9490730144197757,0.9489585717555505,0.9583886472877089,0.9500267032883193,0.9468223086900129,0.9610437170977341,0.9459830624856946,0.944914930952926,0.9421835660334172,0.8001068131532769,0.9450217441062027,0.943778133821622,0.9497672999160754,0.9581139848935684,0.94960708018616,0.9465781643396658,0.9613641565575647,0.9456778820477608,0.9442587930113678,0.9421225299458305,0.7992828259708553,0.9443350881208514,0.9479285877775235,0.9510795757991912,0.9578545815213244,0.9484855420767528,0.9467307545586329,0.9601586938277257,0.9458152132448309,0.9456778820477607,0.9428549629968718,0.8020294499122607,0.9456778820477608,0.9469748989089799,0.947722590981918
58,0.9528548498050906,0.9476114041122067,0.9429947259802797,0.9528701368187723,0.9421998012688221,0.9386685011083085,0.9348926087288848,0.802598792325919,0.9387755102040817,0.9399449667507452,0.95439883818696,0.9557593824046473,0.9496751509592601,0.9437285026370098,0.9545822823511427,0.9436673545822823,0.9411602843384544,0.936864633493847,0.8073071925399373,0.9414201635710463,0.9392188336008561,0.9518459069020867,0.9545669953374609,0.9498738821371244,0.9424291064740502,0.9538637927080944,0.9428265688297792,0.9397538790797219,0.9352136360162042,0.8059466483222503,0.9400749063670412,0.9361461438507988,0.9503477795612627,0.9537338530917986,0.9490789574256668,0.9408086830237713,0.9537414965986394,0.9413590155163188,0.9389436673545822,0.9345410074142017,0.8028739585721928,0.9390201024229916,0.9413895895436826,0.9499656042192158,0.9563555759382406,0.9521210731483605,0.9452572040051976,0.9547657265153252,0.9457922494840633,0.9430711610486892,0.9380264465336696,0.8086218757165787,0.9433769013223267,0.9431246655965757,0.9531605900787281
59,0.9393911650263218,0.9387197680628672,0.9365835049973297,0.9376821545738918,0.9406729228656443,0.9357595178149081,0.9344319829098955,0.8280003051804379,0.935667963683528,0.9269855802243075,0.9364614328221561,0.9385748073548486,0.9363698786907759,0.9384908827344167,0.944960708018616,0.94189364461738,0.9387655451285573,0.9369954985885405,0.840772106507973,0.9385824368657969,0.9358205539024949,0.9397116044861524,0.938147554741741,0.9367513542381932,0.9391622796978714,0.945113298237583,0.942198825055314,0.9389486533913176,0.9369649805447471,0.8402838178072786,0.9385671778439002,0.9351796749828336,0.9394979781795987,0.9384222171358816,0.937270160982681,0.9393453879606317,0.9454795147631038,0.9437094682230869,0.9391165026321814,0.9375600823987182,0.8406500343327992,0.9390402075226978,0.9332265201800565,0.9397726405737391,0.939002059967956,0.9360189211871519,0.939131761654078,0.945159075303273,0.9430533302815289,0.9391470206759747,0.9373006790264744,0.8399328603036544,0.9389486533913177,0.9322041657129778,0.9383230334935531
