magic,baseline_final,baseline_level1,no_pseudo_final,no_pseudo_level1,p09_final,p09_level1,p099_final,p099_level1
0,0.9568833943833943,0.9568986568986569,0.9568833943833943,0.9568986568986569,0.9543192918192918,0.9581043956043956,0.9571886446886446,0.9574023199023198
1,0.939288997854735,0.9374195525589949,0.939288997854735,0.9374195525589949,0.9386760649708856,0.9367759730309532,0.9376187557462458,0.9373122893043212
2,0.9371403275785746,0.9306681320694234,0.9371403275785746,0.9306681320694234,0.9393079024896582,0.9326220024118086,0.9326372670238585,0.9316298026285661
3,0.9487729403474371,0.945586568215938,0.9487729403474371,0.945586568215938,0.9491252795735163,0.9486963448635068,0.947302307055976,0.9470265633138271
4,0.9579156176089112,0.9553368429083695,0.9579156176089112,0.9553368429083695,0.9553215838864728,0.9540856031128404,0.954757000076295,0.9547264820325017
5,0.9694652993957151,0.9704724409448819,0.9694652993957151,0.9704724409448819,0.9703351034609047,0.9706097784288591,0.9700756882133919,0.9702130256973692
6,0.9419078307392995,0.9429413910505837,0.9419078307392995,0.9429413910505837,0.9409198686770427,0.9423334143968871,0.9427893968871595,0.9428349951361867
7,0.9599096555618295,0.9583072626550888,0.9599096555618295,0.9583072626550888,0.9603674821066126,0.9557739557739559,0.9589176980481329,0.9584751323881759
8,0.9580357687847159,0.9606604407007263,0.9580357687847159,0.9606604407007263,0.9608435573460293,0.960919855948239,0.9614844656045901,0.9615760239272417
9,0.9455075383018983,0.9437831898919612,0.9455075383018983,0.9437831898919612,0.9490020142830984,0.9434932552035648,0.9434932552035648,0.943065983031191
10,0.9405813687342642,0.9395284962233921,0.9405813687342642,0.9395284962233921,0.9427939269092851,0.9367818722819867,0.9387197680628672,0.9376974135957884
11,0.963897705078125,0.96270751953125,0.963897705078125,0.96270751953125,0.9642791748046875,0.9643402099609375,0.9637298583984375,0.963531494140625
12,0.9420166015625,0.93963623046875,0.9420166015625,0.93963623046875,0.9417572021484375,0.941070556640625,0.9392547607421875,0.9389801025390625
13,0.9507716261391218,0.952572850361008,0.9507716261391218,0.952572850361008,0.9528934072140558,0.952710231869457,0.9531681702309536,0.9533360809635023
14,0.9524822910649682,0.9477700422582312,0.9524822910649682,0.9477700422582312,0.9497157449913356,0.9479068494816526,0.9483476727571216,0.9483476727571215
15,0.9585564965285724,0.9571526665140764,0.9585564965285724,0.9571526665140764,0.9604028381780727,0.9575494010833906,0.9569848172732127,0.957122148470283
16,0.9419732160581491,0.9420495670896514,0.9419732160581491,0.9420495670896514,0.942568754103868,0.940629437903706,0.9425229434849665,0.9424924030723655
17,0.9434231087416123,0.9454913135398474,0.9434231087416123,0.9454913135398474,0.9468241566320434,0.947452278089285,0.9453687532555075,0.9460121947482918
18,0.9415274280918593,0.9417868314641032,0.9415274280918593,0.9417868314641032,0.9422751201647974,0.9438925764858472,0.9419089036392767,0.9424887464713512
19,0.9675911737664726,0.9688017162120748,0.9675911737664726,0.9688017162120748,0.9662427214220043,0.9679282868525896,0.968556543058535,0.9688936561446521
20,0.9515239477503628,0.9510808952715606,0.9515239477503628,0.9510808952715606,0.9550378122374149,0.9513711710335345,0.9517225574822398,0.9516308914521426
21,0.9357289997711147,0.9361104753185321,0.9357289997711147,0.9361104753185321,0.9367055771725032,0.9358358129243916,0.9361867704280156,0.9363393606469825
22,0.9545073023333892,0.9535153448196926,0.9545073023333892,0.9535153448196926,0.955224563920216,0.9529354311963008,0.9539731713644757,0.953271170662475
23,0.9416207107843136,0.9400428921568628,0.9416207107843136,0.9400428921568628,0.9392769607843137,0.9378063725490196,0.9395373774509804,0.9390012254901962
24,0.93951416015625,0.940185546875,0.93951416015625,0.940185546875,0.939239501953125,0.9404144287109375,0.9415130615234375,0.9419403076171875
25,0.9472069597069598,0.9495879120879122,0.9472069597069598,0.9495879120879122,0.9498473748473749,0.947924297924298,0.9493589743589743,0.9487332112332113
26,0.9547627071907839,0.9558656821593798,0.9547627071907839,0.9558656821593798,0.9552835564815099,0.9555133429333006,0.9561261068047427,0.9563865314501057
27,0.9610443115234375,0.9612579345703125,0.9610443115234375,0.9612579345703125,0.9594268798828125,0.957763671875,0.959869384765625,0.9597015380859375
28,0.9418783855954832,0.9404135194934005,0.9418783855954832,0.9404135194934005,0.9482413977264057,0.9429617761501488,0.9422598611429006,0.942046234836347
29,0.9414816510261692,0.9383840695811397,0.9414816510261692,0.9383840695811397,0.9403830014496071,0.9406576638437476,0.9388570992599374,0.9389639124132143
30,0.9277485313191425,0.925658045319295,0.9277485313191425,0.925658045319295,0.9275959411001755,0.925261310749981,0.9260547798886092,0.9258869306477454
31,0.9526793100278808,0.952740586415025,0.9526793100278808,0.952740586415025,0.9518214406078618,0.9526333527375226,0.9527099482214527,0.9526946291246668
32,0.935064935064935,0.9357669357669359,0.935064935064935,0.9357669357669359,0.9378729378729379,0.9359195446151968,0.9360416316938055,0.9360721534634578
33,0.9273026918146859,0.9272569126533602,0.9273026918146859,0.9272569126533602,0.9261276933406579,0.9291033388268327,0.927104315448941,0.9272569126533602
34,0.9505920097777099,0.9499656252387136,0.9505920097777099,0.9499656252387136,0.9493239630280346,0.9499961805820794,0.9486670231456726,0.9489878542510123
35,0.9569643047903917,0.9589024371633068,0.9569643047903917,0.9589024371633068,0.9601843514886994,0.9595586552108292,0.9582309582309582,0.9585209150426542
36,0.9482390282610024,0.9513062320698285,0.9482390282610024,0.9513062320698285,0.952206555575902,0.9519776597692731,0.950436428004639,0.9508789598974546
37,0.9374914157522852,0.9363926320448062,0.9374914157522852,0.9363926320448062,0.9386665038838952,0.9386207212294168,0.9374151113281547,0.9374608939826331
38,0.9423713235294117,0.941375612745098,0.9423713235294117,0.941375612745098,0.940609681372549,0.9418198529411765,0.9407935049019608,0.9411305147058823
39,0.9239351837777035,0.9250600431702795,0.9239351837777035,0.9250600431702795,0.9302131152524854,0.9275833764022741,0.9249536375520628,0.9252272519989055
40,0.9363863042023961,0.937891503983458,0.9363863042023961,0.937891503983458,0.9417229216079791,0.9409627196983519,0.9388645624277808,0.938955786656936
41,0.9642960724153196,0.9641281616827709,0.9642960724153196,0.9641281616827709,0.9655325059913602,0.96290699271878,0.9639602509502221,0.9638686632779228
42,0.9413066369588109,0.9428479863262471,0.9413066369588109,0.9428479863262471,0.9429700734048561,0.9422985944725075,0.9421612465090726,0.9424206815511164
43,0.9474468538061495,0.9456068854353578,0.9474468538061495,0.9456068854353578,0.9500927587360481,0.9435540281621605,0.9438277424652535,0.9433867583102703
44,0.9551603587171302,0.9544155646754825,0.9551603587171302,0.9544155646754825,0.9595227238182094,0.9584739322085424,0.9561331509347926,0.9558443532451742
45,0.9506958432521516,0.9518098028444119,0.9506958432521516,0.9518098028444119,0.952389672221205,0.9534273332112555,0.9523591527803211,0.9520692180919246
46,0.9629737430681087,0.9682281932657251,0.9629737430681087,0.9682281932657251,0.9654707558442355,0.9680137259107203,0.9669720273292688,0.9659916051349612
47,0.9592718061405117,0.9609503753891229,0.9592718061405117,0.9609503753891229,0.9592718061405116,0.9604773240554233,0.9604468046145394,0.9604620643349813
48,0.9484477835295556,0.9443859086536258,0.9484477835295556,0.9443859086536258,0.9449050956678425,0.9398964680012828,0.9435460473070991,0.9423397010093607
49,0.951455269607843,0.9493719362745097,0.951455269607843,0.9493719362745097,0.9512867647058825,0.9491881127450981,0.9497855392156862,0.9496629901960785
50,0.9473901098901099,0.9425213675213675,0.9473901098901099,0.9425213675213675,0.9490689865689865,0.9455738705738705,0.9436050061050061,0.9436660561660561
51,0.9338226318359375,0.9300689697265625,0.9338226318359375,0.9300689697265625,0.93011474609375,0.929473876953125,0.9301910400390625,0.9304046630859375
52,0.9573974609375,0.9574127197265625,0.9573974609375,0.9574127197265625,0.957427978515625,0.9595184326171875,0.9575347900390625,0.958160400390625
53,0.9525444419012741,0.9519188220035095,0.9525444419012741,0.9519188220035095,0.9535362783245593,0.9518120088502328,0.9520714122224766,0.9518883039597162
54,0.9364143304560385,0.937025437323352,0.9364143304560385,0.937025437323352,0.941012909632572,0.9391643113589488,0.9359254449621879,0.9361393323657474
55,0.9675585284280938,0.9641684402553967,0.9675585284280938,0.9641684402553967,0.967710550319246,0.9634843417452114,0.9638491942839769,0.9637579811492853
56,0.948467924067631,0.9488494170786791,0.948467924067631,0.9488494170786791,0.9513214917902704,0.951016297381432,0.9492919489714949,0.9492461698101691
57,0.9642895295069208,0.9660903139164008,0.9642895295069208,0.9660903139164008,0.9644879210096602,0.9655409220626612,0.9643200512765729,0.9649304866696171
58,0.9458152132448311,0.9458915083543145,0.9458152132448311,0.9458915083543145,0.9472953383688105,0.9464713511863889,0.9461814297703517,0.9462424658579385
59,0.9533836881055924,0.9480430304417488,0.9533836881055924,0.9480430304417488,0.9504997329671169,0.9483024338139925,0.9494621194781415,0.9494926375219348
60,0.960171568627451,0.958777573529412,0.960171568627451,0.958777573529412,0.959298406862745,0.9603553921568628,0.9591299019607842,0.9595588235294118
61,0.9437374107306354,0.9421961789660013,0.9437374107306354,0.9421961789660013,0.9418604651162791,0.9427150094610267,0.9428676066654459,0.9422419581273271
62,0.961852445258259,0.9589379720759899,0.961852445258259,0.9589379720759899,0.9555504692149233,0.9551995117112992,0.958281834134432,0.958281834134432
63,0.9518213866039952,0.9529049094266485,0.9518213866039952,0.9529049094266485,0.9512719947502555,0.9484639919422527,0.9534543012803884,0.9529201703114747
64,0.9485046270760557,0.9471103756818043,0.9485046270760557,0.9471103756818043,0.9442146227860513,0.9457467671753387,0.9468192682478396,0.9472176257890543
65,0.9242660074467436,0.9235182811450894,0.9242660074467436,0.9235182811450894,0.9242812671671854,0.9250137337483977,0.9227552951229934,0.9227247756821095
66,0.9750423592984384,0.9741570117995452,0.9750423592984384,0.9741570117995452,0.9754087099876357,0.9739891010669964,0.9737906611103478,0.9742485994718445
67,0.9477140077821012,0.9496899319066148,0.9477140077821012,0.9496899319066148,0.9464220573929961,0.9447805204280155,0.9482155885214009,0.94833718385214
68,0.9469474969474969,0.9484126984126985,0.9469474969474969,0.9484126984126985,0.9496794871794871,0.9498626373626373,0.9488858363858363,0.9489774114774115
69,0.9583714826344382,0.9598058963559788,0.9583714826344382,0.9598058963559788,0.958188365989135,0.9593328450222792,0.9594396630653726,0.9598821949581884
70,0.9620461794374838,0.9607947868817435,0.9620461794374838,0.9607947868817435,0.9627787019091367,0.9614662658140919,0.9622140491705711,0.9612983960810049
71,0.9412792995470161,0.9403368497856686,0.9412792995470161,0.9403368497856686,0.9403824521934758,0.9374638980938192,0.9397288176815735,0.939622412063357
72,0.9403677424277104,0.9405661097123674,0.9403677424277104,0.9405661097123674,0.9388876173037308,0.9402456702525368,0.9410238803692683,0.9408712901503014
73,0.9303546359030702,0.9327198925715681,0.9303546359030702,0.9327198925715681,0.9308124275163279,0.9320942440334492,0.9321858023561008,0.9322468412378686
74,0.9459830624856946,0.9422140840772107,0.9459830624856946,0.9422140840772107,0.9469748989089798,0.9439536125734339,0.9425650415808347,0.9424124513618677
75,0.9600949754901961,0.9582567401960784,0.9600949754901961,0.9582567401960784,0.9591758578431373,0.9577359068627451,0.9571078431372549,0.9573376225490196
76,0.9385599364992139,0.9415975942971408,0.9385599364992139,0.9415975942971408,0.941597594297141,0.9424218833478347,0.9421013264947871,0.9408648929187465
77,0.9622739491691106,0.9601356304985337,0.9622739491691106,0.9601356304985337,0.9628696236559139,0.9610062316715543,0.9592955767350928,0.9596315982404691
78,0.946078431372549,0.9450214460784313,0.946078431372549,0.9450214460784313,0.9480392156862745,0.9457414215686273,0.9450367647058825,0.9448529411764706
79,0.9516069732528571,0.9510095284782007,0.9516069732528571,0.9510095284782007,0.9465976286038176,0.9454027390545052,0.9500137871871075,0.9498452771224608
80,0.9549528914135631,0.9527845221188939,0.9549528914135631,0.9527845221188939,0.9548001893505581,0.9518835799471652,0.9522806053109778,0.9522500648983767
81,0.9559624628061341,0.9532463569085222,0.9559624628061341,0.9532463569085222,0.9576409552147707,0.9539940489814602,0.9530937666895551,0.9523308155947203
82,0.9400863977042023,0.9411243913235945,0.9400863977042023,0.9411243913235945,0.9414296835645922,0.9433530246828777,0.9417044465814902,0.9419486803742884
83,0.936300773915831,0.9376440597762209,0.936300773915831,0.9376440597762209,0.9386973180076628,0.9401474561524019,0.9382393796461662,0.938285173482316
84,0.9550663357538989,0.9561387382418728,0.9550663357538989,0.9561387382418728,0.9516499678279254,0.9540398933725527,0.9539632931948402,0.9548671752918467
85,0.9344544996718909,0.9366673279716758,0.9344544996718909,0.9366673279716758,0.9355227616097181,0.936255284081371,0.9360111099241535,0.9357516748821096
86,0.9616646573168313,0.9620309185526577,0.9616646573168313,0.9620309185526577,0.9632975719932241,0.9629007889877456,0.9623056144795276,0.9622140491705709
87,0.9339356295878035,0.9334625421581944,0.9339356295878035,0.9334625421581944,0.9334472812733682,0.932806324110672,0.9329131503044547,0.9325774108382805
88,0.9623254749370566,0.9636530098420691,0.9623254749370566,0.9636530098420691,0.9666437781338215,0.9654230563820859,0.9639429312581064,0.9641260395208667
89,0.9187881562881562,0.9188644688644688,0.9187881562881562,0.9188644688644688,0.9147435897435897,0.9168498168498168,0.9165140415140415,0.9171245421245421
90,0.9382286516511018,0.9390374168345237,0.9382286516511018,0.9390374168345237,0.9413111151803699,0.9405328694378319,0.9402124153085516,0.9401666361472258
91,0.9410980728576243,0.9420018995680015,0.9410980728576243,0.9420018995680015,0.9439933821501884,0.9434112564723185,0.9425993443426576,0.942430834278011
92,0.9059390831959959,0.9054965513031802,0.9059390831959959,0.9054965513031802,0.9078770676921198,0.9043368125495941,0.9056644082280412,0.9061832387230665
93,0.952786424952695,0.9525117499847403,0.952786424952695,0.9525117499847403,0.9510620765427578,0.9505432460477324,0.9517029848013184,0.9517182445217603
94,0.9391788766788767,0.9404151404151404,0.9391788766788767,0.9404151404151404,0.9366452991452993,0.9383394383394384,0.9388278388278388,0.9392246642246641
95,0.9532768749523155,0.9524681467917906,0.9532768749523155,0.9524681467917906,0.9507286182955673,0.9510337987335011,0.95214770733196,0.9518730449378194
96,0.9466392004272526,0.9445029373617151,0.9466392004272526,0.9445029373617151,0.9441519798580911,0.9429617761501488,0.9451285572594796,0.944762340733959
97,0.9276368204939633,0.9259054973340688,0.9276368204939633,0.9259054973340688,0.9275448918306062,0.926732855304284,0.9264723907581051,0.9259208187779616
98,0.9444062829143198,0.9423150310634857,0.9444062829143198,0.9423150310634857,0.9406206591259483,0.9394300193860572,0.9416891819694402,0.9410175390392455
99,0.9341888427734375,0.934051513671875,0.9341888427734375,0.934051513671875,0.93463134765625,0.9343414306640625,0.9358367919921875,0.935028076171875
100,0.9490439055656448,0.9490133837959924,0.9490439055656448,0.9490133837959924,0.9516840386405604,0.9505547331634289,0.9490286446808186,0.9489218184870358
101,0.9541868237520411,0.950005341309689,0.9541868237520411,0.950005341309689,0.9536832145527797,0.9519892563370823,0.951195690326125,0.9503105590062112
102,0.9423389196972948,0.9416189221483501,0.9423389196972948,0.9416189221483501,0.9441159349244769,0.941588283954778,0.9404853089861822,0.940975520083336
103,0.9333302925256949,0.9312017271787387,0.9333302925256949,0.9312017271787387,0.9293316304810557,0.9284193881895031,0.9315970321717448,0.9315058079425895
104,0.9656061646448463,0.9636377508201724,0.9656061646448463,0.9636377508201724,0.9646295872434576,0.9633173113603418,0.9642786297398337,0.9635919737544824
105,0.959206106870229,0.9565343511450383,0.959206106870229,0.9565343511450383,0.9550992366412214,0.9552213740458017,0.9556335877862595,0.9559541984732824
106,0.9448771994134898,0.94301380742913,0.9448771994134898,0.94301380742913,0.9429832600195504,0.9432276392961878,0.9448161045943304,0.9443120723362659
107,0.9446707866025787,0.9460898756389715,0.9446707866025787,0.9460898756389715,0.9443350881208514,0.9447775997558557,0.9470969710841535,0.9472343022812237
108,0.9453526888614127,0.9442994306299705,0.9453526888614127,0.9442994306299705,0.9444826059745692,0.9436125230877257,0.9436735815359253,0.9434904061913267
109,0.94598388671875,0.945404052734375,0.94598388671875,0.945404052734375,0.94195556640625,0.9447174072265625,0.9453887939453125,0.9456024169921875
110,0.9387371700879765,0.9393022971652005,0.9387371700879765,0.9393022971652005,0.9395466764418376,0.9378665689149561,0.9400507086999024,0.9393786656891495
111,0.9577916132576452,0.9552432399438442,0.9577916132576452,0.9552432399438442,0.954907526094122,0.9544497344808642,0.9550143441372154,0.9542666178355611
112,0.9609432234432234,0.9620115995115995,0.9609432234432234,0.9620115995115995,0.9661935286935287,0.962973137973138,0.9618437118437119,0.9616300366300367
113,0.9402581944698774,0.94091436244888,0.9402581944698774,0.94091436244888,0.9427760483427943,0.9416468290300921,0.9404870902765061,0.9408685832875542
114,0.9602301341431777,0.9616036137775269,0.9602301341431777,0.9616036137775269,0.9659682268377922,0.9612220916568743,0.9613747005051352,0.9614662658140919
115,0.9592870658609535,0.9610114142708905,0.9592870658609535,0.9610114142708905,0.9584477812366476,0.9588292742476958,0.9609198559482389,0.961316608679729
116,0.9439620309185526,0.9442672486150747,0.9439620309185526,0.9442672486150747,0.9441604224212918,0.946113815679033,0.944892944892945,0.9447555969295098
117,0.9519166208875053,0.9495971433803334,0.9519166208875053,0.9495971433803334,0.9500091558322652,0.9504516877250808,0.950451687725081,0.950421168284197
118,0.9555065269350984,0.9548477048477049,0.9555065269350984,0.9548477048477049,0.9554758840473127,0.9552460623889195,0.9547404547404548,0.9545872403015261
119,0.952392578125,0.9484100341796875,0.952392578125,0.9484100341796875,0.9459686279296875,0.9476318359375,0.94854736328125,0.948394775390625
120,0.9518772893772894,0.9500610500610501,0.9518772893772894,0.9500610500610501,0.95,0.9478785103785103,0.9492063492063493,0.9490231990231991
121,0.94287109375,0.9424591064453125,0.94287109375,0.9424591064453125,0.9435272216796875,0.9450225830078125,0.9433441162109375,0.943359375
122,0.9376678466796875,0.9350128173828125,0.9376678466796875,0.9350128173828125,0.933624267578125,0.93304443359375,0.93365478515625,0.9338531494140625
123,0.9428253173828125,0.9425048828125,0.9428253173828125,0.9425048828125,0.9425506591796875,0.9428558349609375,0.943023681640625,0.9425506591796875
124,0.9643854428931106,0.9660791943236439,0.9643854428931106,0.9660791943236439,0.9652857251850157,0.9644769970244907,0.9651026169222552,0.9655756466010528
125,0.9524223697261005,0.9528648813611047,0.9524223697261005,0.9528648813611047,0.9539787899595635,0.9541008621347371,0.9536430914778363,0.9539177538719769
126,0.9463064713064714,0.944368131868132,0.9463064713064714,0.944368131868132,0.9457570207570208,0.9442155067155067,0.9444291819291819,0.9443986568986569
127,0.9396641221374046,0.940854961832061,0.9396641221374046,0.940854961832061,0.9421374045801527,0.9381526717557251,0.9402900763358779,0.9393587786259541
128,0.9391382351152466,0.9400352733686067,0.9391382351152466,0.9400352733686067,0.9434105698473514,0.941023535851122,0.9398376208721035,0.9399440491394515
129,0.9514194139194139,0.9494352869352869,0.9514194139194139,0.9494352869352869,0.958592796092796,0.9500305250305249,0.951098901098901,0.9494352869352869
130,0.923736572265625,0.92205810546875,0.923736572265625,0.92205810546875,0.9244537353515625,0.9224853515625,0.9232177734375,0.9228363037109375
131,0.95599365234375,0.956024169921875,0.95599365234375,0.956024169921875,0.9552459716796875,0.955535888671875,0.9555816650390625,0.9554290771484375
132,0.9384271643968871,0.9380471789883269,0.9384271643968871,0.9380471789883269,0.9390351410505836,0.9405398832684824,0.9388375486381322,0.9391871352140078
133,0.9594091436244888,0.9587377159250442,0.9594091436244888,0.9587377159250442,0.9557162912775438,0.9556857718366599,0.95687603003113,0.9569370689128975
134,0.9292133974212253,0.928282597085527,0.9292133974212253,0.928282597085527,0.9293202105745022,0.926359960326543,0.9290150301365683,0.9287556267643244
135,0.951552568352544,0.9502144095374229,0.951552568352544,0.9502144095374229,0.954700282838113,0.9512332349989355,0.9494388856786594,0.9491347586752228
136,0.9481016907770249,0.9481016907770249,0.9481016907770249,0.9481016907770249,0.9477812366477446,0.9487425990355856,0.9484679240676311,0.9484526643471891
137,0.9478340173278614,0.9454020367837058,0.9478340173278614,0.9454020367837058,0.9490044079647363,0.9454476364189086,0.9458276333789329,0.945250037999696
138,0.9414907420127917,0.9420707972706874,0.9414907420127917,0.9420707972706874,0.943704110760025,0.9432767016226282,0.9423150310634856,0.9419181511501884
139,0.9350635528796448,0.9336495773277382,0.9350635528796448,0.9336495773277382,0.9277352064708386,0.927552758012528,0.932858967341726,0.9330718238764216
140,0.9527306452593809,0.9538709481238217,0.9527306452593809,0.9538709481238217,0.9569877759532933,0.9561667578908957,0.9545855379188711,0.9545855379188712
141,0.9495849609375,0.9507293701171875,0.9495849609375,0.9507293701171875,0.9583892822265625,0.9545440673828125,0.9521484375,0.9516754150390625
142,0.9667353322652018,0.9678187228198672,0.9667353322652018,0.9678187228198672,0.966170748455024,0.9660486762798505,0.9674830243381399,0.9674677653162432
143,0.9672083619439994,0.9645227740901807,0.9672083619439994,0.9645227740901807,0.9672083619439994,0.9648432135500115,0.9649805447470817,0.9647821774624246
144,0.9430076335877862,0.9410992366412214,0.9430076335877862,0.9410992366412214,0.9452671755725189,0.9431908396946563,0.9418625954198474,0.9412824427480915
145,0.9598638729073511,0.9533474750866056,0.9598638729073511,0.9533474750866056,0.9511499076716468,0.9487081660994705,0.9529354311963008,0.9528133441176919
146,0.9482871747920958,0.949538414587625,0.9482871747920958,0.949538414587625,0.9492942702372779,0.946822308690013,0.9482871747920959,0.9481956206607156
147,0.9571498605876765,0.9548365352207616,0.9571498605876765,0.9548365352207616,0.9498728437049975,0.95198700860986,0.9543922541900297,0.9545914146520821
148,0.9535353842412452,0.9509058852140077,0.9535353842412452,0.9509058852140077,0.9497507295719844,0.948261186770428,0.9501915126459144,0.9498875243190661
149,0.9535980224609375,0.9491119384765625,0.9535980224609375,0.9491119384765625,0.94940185546875,0.9484405517578125,0.9508819580078125,0.9496612548828125
150,0.950191570881226,0.9499939183847229,0.950191570881226,0.9499939183847229,0.9530043179468467,0.9506172839506174,0.9499635103083378,0.9498874901173752
151,0.9393620268620269,0.9405830280830281,0.9393620268620269,0.9405830280830281,0.9425976800976801,0.9422619047619047,0.9417124542124541,0.9417277167277167
152,0.9331959706959707,0.9324633699633701,0.9331959706959707,0.9324633699633701,0.9294108669108668,0.931074481074481,0.9316849816849817,0.9318376068376069
153,0.9428854810406654,0.9417563134203097,0.9428854810406654,0.9417563134203097,0.9429617761501488,0.9415579461356527,0.9422903791866941,0.9425040054932479
154,0.9387197680628672,0.9383840695811398,0.9387197680628672,0.9383840695811398,0.9420614938582438,0.9405508506904707,0.9383077744716564,0.9383993286030367
155,0.939339129377432,0.9376671935797666,0.939339129377432,0.9376671935797666,0.9365728356031129,0.9381535749027237,0.9380927772373542,0.937758390077821
156,0.9377442002442002,0.9384615384615385,0.9377442002442002,0.9384615384615385,0.9361111111111111,0.9385225885225885,0.9393315018315018,0.9398504273504273
157,0.9552890191051701,0.9541750595129097,0.9552890191051701,0.9541750595129097,0.9559146676432887,0.95608252456815,0.9541750595129098,0.9546023316852836
158,0.9539919428676066,0.9563419398156627,0.9539919428676066,0.9563419398156627,0.9549075260941221,0.95608252456815,0.955701031557102,0.9554721357504731
159,0.9381704432745861,0.9384908827344167,0.9381704432745861,0.9384908827344167,0.9381551842526894,0.9368123903257802,0.9378957808804456,0.937071793698024
160,0.9515009080226471,0.9506615593572115,0.9515009080226471,0.9506615593572115,0.9520045172219084,0.9467395119569033,0.9515466906771255,0.9509057335144292
161,0.9592490842490842,0.9575244200244201,0.9592490842490842,0.9575244200244201,0.9589285714285714,0.9590964590964591,0.9577686202686203,0.9578601953601953
162,0.9386892500190738,0.9338216220340276,0.9386892500190738,0.9338216220340276,0.9337453269245442,0.9334859235523003,0.9342183566033417,0.9339589532310979
163,0.9521214896214896,0.9501831501831501,0.9521214896214896,0.9501831501831501,0.9477716727716727,0.9445360195360195,0.9482448107448107,0.948672161172161
164,0.9365195629616065,0.9351309284013917,0.9365195629616065,0.9351309284013917,0.9408075444057865,0.9376640419947506,0.9352072270036013,0.9350241103582981
165,0.9291361416361417,0.9300518925518926,0.9291361416361417,0.9300518925518926,0.9267399267399268,0.9251831501831502,0.930952380952381,0.9305402930402931
166,0.9602636879692364,0.9590581700543246,0.9602636879692364,0.9590581700543246,0.9614386864432642,0.9604773240554233,0.960141610205701,0.959927974119514
167,0.9391552563691592,0.9403458961090504,0.9391552563691592,0.9403458961090504,0.9419028865381386,0.9400100746439529,0.9388499641281616,0.9391094625330096
168,0.9401300453932033,0.9399460188933872,0.9401300453932033,0.9399460188933872,0.9430284627653048,0.9416635995583363,0.9404674273095325,0.9399920255183414
169,0.9578068729780871,0.9519013611670634,0.9578068729780871,0.9519013611670634,0.955487395470915,0.9501464933162423,0.9521149972532503,0.9517487639626442
170,0.9389564606955911,0.9380560684908512,0.9389564606955911,0.9380560684908512,0.9425427686297252,0.9424359424359424,0.9400552444030704,0.940284157675462
171,0.930739299610895,0.9314717326619364,0.930739299610895,0.9314717326619364,0.9304036011291676,0.9261463340199894,0.9317921721217669,0.9306172274357214
172,0.9589971311725569,0.9595312213880243,0.9589971311725569,0.9595312213880243,0.960919855948239,0.9602636879692363,0.9598364157968626,0.959744857474211
173,0.958432521516206,0.9537477873405359,0.958432521516206,0.9537477873405359,0.9544039553195386,0.9550448635780993,0.9546023316852835,0.9546175914057254
174,0.9601985476606306,0.9595551061678462,0.9601985476606306,0.9595551061678462,0.9604436682293104,0.9605968685847349,0.9592793455280817,0.9595244660967612
175,0.9506462984723854,0.9493338623773406,0.9506462984723854,0.9493338623773406,0.947761991240252,0.947899339203687,0.9494101668014711,0.9495780365345584
176,0.9493987670145884,0.9498870780687299,0.9493987670145884,0.9498870780687299,0.9517335042422024,0.9529848013184399,0.9509094793383386,0.951016297381432
177,0.9361484578875884,0.9360263708089795,0.9361484578875884,0.9360263708089795,0.9327758023410198,0.9361942405420667,0.93520228302837,0.935644848688327
178,0.9399337515837034,0.9421013264947873,0.9399337515837034,0.9421013264947873,0.9458411564470088,0.9443452244661202,0.9427271755888326,0.9426966463647327
179,0.922404321552829,0.918177378990417,0.922404321552829,0.918177378990417,0.9269822376854054,0.9234725019837636,0.9195965329915157,0.919306598303119
180,0.950714111328125,0.951629638671875,0.950714111328125,0.951629638671875,0.9500732421875,0.9517822265625,0.952178955078125,0.9520721435546875
181,0.9468833447775996,0.946364538033112,0.9468833447775996,0.946364538033112,0.9475547417410544,0.9458915083543146,0.9463492790112153,0.9462119478141451
182,0.9574295343137255,0.9571078431372549,0.9574295343137255,0.9571078431372549,0.957781862745098,0.9575214460784314,0.9572150735294116,0.9569087009803923
183,0.9257156808887261,0.9265854849539157,0.9257156808887261,0.9265854849539157,0.9295000915583227,0.9266617835561253,0.927684184825734,0.9282640542025268
184,0.9532617947470817,0.9550249270428015,0.9532617947470817,0.9550249270428015,0.9529578064202335,0.9555417071984436,0.9550857247081712,0.955040126459144
185,0.939681086442359,0.9395895323109789,0.939681086442359,0.9395895323109789,0.9380941481651026,0.9329213397421225,0.9383230334935531,0.937926298924239
186,0.922896162355993,0.9257648584725718,0.922896162355993,0.9257648584725718,0.9284809643701839,0.9280537117570764,0.9269245441367209,0.9270618753337911
187,0.9418015267175572,0.939969465648855,0.9418015267175572,0.939969465648855,0.9428396946564885,0.941618320610687,0.9417099236641222,0.9410839694656488
188,0.9571990966796875,0.956634521484375,0.9571990966796875,0.956634521484375,0.9613189697265625,0.955596923828125,0.9571380615234375,0.9564056396484375
189,0.9338185924433864,0.9353293047671366,0.9338185924433864,0.9353293047671366,0.9308124275163279,0.931926387108588,0.9355429408533236,0.9351614478422755
190,0.9610134970817121,0.9621382538910506,0.9610134970817121,0.9621382538910506,0.9636429961089493,0.9636581955252919,0.9616518725680935,0.9618038667315175
191,0.95414713362135,0.9540245733370102,0.95414713362135,0.9540245733370102,0.952431289640592,0.9535496522351933,0.9540245733370101,0.9540705334436376
192,0.9408560311284047,0.9399252307927062,0.9408560311284047,0.9399252307927062,0.9413595788509956,0.942748149843595,0.9399404898146029,0.9403067063401236
193,0.9452265126178169,0.9465947096381879,0.9452265126178169,0.9465947096381879,0.9477956825782913,0.9482061416844025,0.9457129826695043,0.9464426877470357
194,0.9567406729228657,0.9517509727626459,0.9567406729228657,0.9517509727626459,0.9515220874341955,0.9508964675364309,0.9510643167772945,0.9512626840619516
195,0.9357147216796875,0.937530517578125,0.9357147216796875,0.937530517578125,0.93682861328125,0.9374237060546875,0.93670654296875,0.937286376953125
196,0.9521890989307271,0.9521125034467968,0.9521890989307271,0.9521125034467968,0.9551150464168633,0.9543031342872025,0.952464842672876,0.9523729280921598
197,0.9408182886443757,0.9387275474231995,0.9408182886443757,0.9387275474231995,0.937430372212981,0.9380255467211989,0.9377661116791552,0.937872937872938
198,0.9232600732600733,0.9241910866910866,0.9232600732600733,0.9241910866910866,0.9280677655677655,0.9273351648351649,0.923580586080586,0.923611111111111
199,0.9345496183206107,0.9362748091603053,0.9345496183206107,0.9362748091603053,0.9306717557251909,0.931679389312977,0.9359389312977098,0.9360152671755726
200,0.9234572422633216,0.9217939327351522,0.9234572422633216,0.9217939327351522,0.9191997802600257,0.9181926387108589,0.9210156869926143,0.9205731550997985
201,0.9533627359714316,0.9507226028965159,0.9533627359714316,0.9507226028965159,0.9539731713644757,0.9498222106917759,0.9510736032475163,0.9502495154669067
202,0.968346669119225,0.9681320702657961,0.968346669119225,0.9681320702657961,0.96941966338637,0.9700941169257181,0.969327692449186,0.9692817069805941
203,0.9672959238176629,0.9703328398980573,0.9672959238176629,0.9703328398980573,0.9680131854044899,0.9691272299967951,0.9696766218505349,0.9701802310497962
204,0.9554961089494163,0.9534289883268482,0.9554961089494163,0.9534289883268482,0.9561648832684825,0.955891293774319,0.9544929474708171,0.9548273346303502
205,0.9379720759899289,0.9375600823987182,0.9379720759899289,0.9375600823987182,0.9398031586175326,0.9391470206759746,0.9383840695811397,0.9381704432745861
206,0.9312396996887017,0.9310260636025148,0.9312396996887017,0.9310260636025148,0.9340017090886894,0.9332082036257097,0.9305072331074895,0.9307056094732344
207,0.9555755642712164,0.9567659132876524,0.9555755642712164,0.9567659132876524,0.9564606955911303,0.9582004364613059,0.9573458269110443,0.9575289575289576
208,0.9479932598039216,0.9486213235294119,0.9479932598039216,0.9486213235294119,0.945373774509804,0.9445312499999999,0.9472426470588236,0.9474571078431373
209,0.9511186025130248,0.951608948820104,0.9511186025130248,0.951608948820104,0.9529420778424763,0.9527888446215139,0.9518847686178364,0.9519767085504137
210,0.9397588522588524,0.9390109890109889,0.9397588522588524,0.9390109890109889,0.9402625152625151,0.941468253968254,0.9393162393162393,0.9393467643467643
211,0.9468333562302514,0.9476423806688954,0.9468333562302514,0.9476423806688954,0.947276029979698,0.9465280639892537,0.9473370884278978,0.9471539130832989
212,0.9497339124051871,0.9464766332273061,0.9497339124051871,0.9464766332273061,0.9490763396134083,0.947485931000734,0.9464154636652802,0.9466754343038903
213,0.9238024020632717,0.9224747050834008,0.9238024020632717,0.9224747050834008,0.9272208402643186,0.9223984006592701,0.9228104445495751,0.9226120530468357
214,0.9557647705078125,0.9536285400390625,0.9557647705078125,0.9536285400390625,0.9555511474609375,0.951416015625,0.9524383544921875,0.952423095703125
215,0.9522217642838607,0.9504358046740242,0.9522217642838607,0.9504358046740242,0.9497641617438292,0.9519470012669626,0.9504968631222236,0.9501763062691763
216,0.9543031342872024,0.9566469560954686,0.9543031342872024,0.9566469560954686,0.9548393026747142,0.9557584484818775,0.9555593002236589,0.9557584484818775
217,0.9219541984732824,0.9248854961832061,0.9219541984732824,0.9248854961832061,0.9207328244274808,0.92212213740458,0.9244122137404579,0.9241068702290077
218,0.9209252450980391,0.9209099264705882,0.9209252450980391,0.9209099264705882,0.9265625000000001,0.9232536764705883,0.9210324754901962,0.920281862745098
219,0.9495657217871808,0.9495199279510311,0.9495657217871808,0.9495199279510311,0.9469707377387003,0.9471997069194487,0.9489093434690357,0.9488330204087863
220,0.933095205385355,0.9361328631832823,0.933095205385355,0.9361328631832823,0.936300773915831,0.9360870693471325,0.9366518599929783,0.936835035337577
221,0.9547854483305867,0.9538698651040715,0.9547854483305867,0.9538698651040715,0.9567539522675945,0.9537783067814197,0.9536714887383263,0.9536257095770004
222,0.9570133675151072,0.9590276506134409,0.9570133675151072,0.9590276506134409,0.9599279741195141,0.9591649880974181,0.959927974119514,0.9596075199902337
223,0.9441312540212631,0.9477925181531297,0.9441312540212631,0.9477925181531297,0.946429118539171,0.9481908146695672,0.9480682618952786,0.9488035785410092
224,0.9355120426548998,0.9347306490163634,0.9355120426548998,0.9347306490163634,0.9331218974076116,0.9331218974076118,0.9338266838266839,0.9334742906171476
225,0.9244891418804463,0.922535748622705,0.9244891418804463,0.922535748622705,0.9227646618950966,0.9214674866848781,0.9236192714453584,0.9231004013612709
226,0.9269740959533513,0.9253560470760634,0.9269740959533513,0.9253560470760634,0.9269740959533513,0.9260887484544581,0.9261650715147076,0.9260734838424081
227,0.9382999422369501,0.9413553035600281,0.9382999422369501,0.9413553035600281,0.9315355850788921,0.9362174322804244,0.9415529139938589,0.9413857051652327
228,0.9411163330078125,0.9414215087890625,0.9411163330078125,0.9414215087890625,0.9419403076171875,0.9413909912109375,0.9412078857421875,0.941253662109375
229,0.947227626459144,0.9476988083657587,0.947227626459144,0.9476988083657587,0.9452213035019454,0.945160505836576,0.9466956468871595,0.9473188229571985
230,0.934179803745021,0.9336151510064554,0.934179803745021,0.9336151510064554,0.9320280189845407,0.933279411540281,0.9334014986188899,0.9335846292368031
231,0.9425439396703763,0.9367664051572098,0.9425439396703763,0.9367664051572098,0.9351395730706076,0.9362038557440855,0.9380435443653835,0.9380131362889985
232,0.9478078372499158,0.9447746560862771,0.9478078372499158,0.9447746560862771,0.9462606084745244,0.9447899751830632,0.9447286987959191,0.9446674224087748
233,0.949700123613167,0.9518976910281258,0.949700123613167,0.9518976910281258,0.9548888244540418,0.9527217788087353,0.952523387305996,0.9522181696094739
234,0.9349947317788264,0.9312077206163055,0.9349947317788264,0.9312077206163055,0.9338189258936888,0.9317421778368226,0.9317879884557241,0.9320323117565319
235,0.9258072392113775,0.9273637306964536,0.9258072392113775,0.9273637306964536,0.9236556186290668,0.9252426295550267,0.9265091863517061,0.9266160043947994
236,0.9536701940843221,0.954510055430849,0.9536701940843221,0.954510055430849,0.9546474872875532,0.9556095102844839,0.9533953303709134,0.9534258707835143
237,0.9515831235217822,0.9513237201495384,0.9515831235217822,0.9513237201495384,0.9519035629816129,0.9518577859159227,0.9512169069962615,0.9513542381933319
238,0.9313870618218444,0.9299830604178431,0.9313870618218444,0.9299830604178431,0.9310971050101485,0.9295099729882339,0.929662581836495,0.9294641903337555
239,0.9554901123046875,0.9539947509765625,0.9554901123046875,0.9539947509765625,0.9546966552734375,0.9554290771484375,0.953582763671875,0.9532928466796875
240,0.9619422572178478,0.9634529695415981,0.9619422572178478,0.9634529695415981,0.9629493987670146,0.9629188793261307,0.9638192028322041,0.9638649819935299
241,0.9434932027614731,0.9423679328487576,0.9434932027614731,0.9423679328487576,0.9463063775432621,0.9425808217511634,0.9431282503573493,0.9423831391989294
242,0.9671931029221026,0.9682001983672847,0.9671931029221026,0.9682001983672847,0.9695582513160905,0.9671015487907225,0.9671473258564125,0.9674219882505531
243,0.9493589743589744,0.9543192918192919,0.9493589743589744,0.9543192918192919,0.9566544566544567,0.9573412698412698,0.9545787545787545,0.95503663003663
244,0.943249099676494,0.9371757309406091,0.943249099676494,0.9371757309406091,0.9398614417383874,0.9363669657571874,0.9366721601660258,0.9370841726179576
245,0.9545566049307003,0.9562277689194161,0.9545566049307003,0.9562277689194161,0.9571783392616215,0.957975591806697,0.9568717036673617,0.9570863485833436
246,0.9543654448333027,0.9517099527230306,0.9543654448333027,0.9517099527230306,0.9517560017191625,0.9515871554000123,0.9523085896727452,0.9520015963651992
247,0.9442890584622867,0.9431946006749157,0.9442890584622867,0.9431946006749157,0.9447146809351534,0.9445170705013224,0.9438178335816131,0.9435138175295656
248,0.9297008547008547,0.9298992673992673,0.9297008547008547,0.9298992673992673,0.926480463980464,0.9288461538461539,0.9301892551892551,0.9298534798534798
249,0.950250797993616,0.9515275877792977,0.950250797993616,0.9515275877792977,0.9498100015199878,0.9498708010335918,0.9502355981152151,0.9508739930080559
250,0.9368351977047629,0.9365605017778932,0.9368351977047629,0.9365605017778932,0.9379187205274161,0.9373388069040243,0.9363010667358493,0.9364384146992841
251,0.9502495154669067,0.9464953377996856,0.9502495154669067,0.9464953377996856,0.9492728188380362,0.9498222106917759,0.9458543806369893,0.9462664245272941
252,0.9497528076171875,0.94891357421875,0.9497528076171875,0.94891357421875,0.9483489990234375,0.9498748779296875,0.949371337890625,0.9494476318359375
253,0.9413686251163926,0.9416586527453406,0.9413686251163926,0.9416586527453406,0.9399948100319031,0.9403764253331501,0.9415060066248415,0.9419181511501886
254,0.958600378441067,0.9595617408289081,0.958600378441067,0.9595617408289081,0.9596227797106758,0.959012390892999,0.9596075199902339,0.9602636879692364
255,0.9530992366412213,0.9533893129770993,0.9530992366412213,0.9533893129770993,0.9569465648854962,0.9550381679389314,0.9537251908396946,0.9535114503816794
256,0.943070818070818,0.9435592185592186,0.943070818070818,0.9435592185592186,0.9384462759462759,0.9416208791208791,0.9433608058608058,0.9432844932844933
257,0.9253985639527808,0.9260070585371789,0.9253985639527808,0.9260070585371789,0.9333698430083971,0.9250182548375321,0.9279542412072533,0.9277869051965437
258,0.9565250564609656,0.9484679240676313,0.9565250564609656,0.9484679240676313,0.9514130501129219,0.9453549410974791,0.9468198742599035,0.9473844839162546
259,0.9675572519083968,0.9682595419847329,0.9675572519083968,0.9682595419847329,0.9709007633587786,0.9682595419847331,0.9686717557251908,0.9680916030534352
260,0.9439009873792482,0.944892944892945,0.9439009873792482,0.944892944892945,0.9421612465090727,0.944313031269553,0.9451371190501625,0.9446029880812491
261,0.9465179443359375,0.94573974609375,0.9465179443359375,0.94573974609375,0.9464111328125,0.9456329345703125,0.9463043212890625,0.9462432861328125
262,0.9520045172219085,0.951775603949517,0.9520045172219085,0.951775603949517,0.9503105590062111,0.9513788209440383,0.9508446899751247,0.9518061257191692
263,0.9525096584054852,0.9525554690243866,0.9525096584054852,0.9525554690243866,0.9526470902621895,0.9535633026402188,0.9524791179928841,0.9525096584054851
264,0.9518555820057377,0.9501159738753586,0.9518555820057377,0.9501159738753586,0.9509094793383386,0.9488799365195629,0.9507874015748031,0.9505127266068486
265,0.9610787618755746,0.9621667177444071,0.9610787618755746,0.9621667177444071,0.9651394422310757,0.9617836346920012,0.9631320870364695,0.9626110940851976
266,0.9293706400451832,0.9320266825418632,0.9293706400451832,0.9320266825418632,0.9325304147395095,0.930454427500725,0.9302559875440767,0.9311413350429699
267,0.9472166269913935,0.9478117560886284,0.9472166269913935,0.9478117560886284,0.9470792895074162,0.9470182506256486,0.9462094854422267,0.9462857840444364
268,0.9463492790112155,0.9475852597848478,0.9463492790112155,0.9475852597848478,0.948073548485542,0.9490196078431371,0.9486533913176165,0.9487449454489967
269,0.9493553063248645,0.9465781643396658,0.9493553063248645,0.9465781643396658,0.946166170748455,0.9480277714198521,0.9468070496681162,0.9469291218432899
270,0.934298406862745,0.9332107843137254,0.934298406862745,0.9332107843137254,0.9345894607843137,0.9328890931372549,0.9327205882352941,0.9323988970588235
271,0.9526501225490195,0.9551011029411764,0.9526501225490195,0.9551011029411764,0.9540287990196078,0.9551164215686275,0.9549479166666666,0.9553002450980392
272,0.9457161242875529,0.9468192682478398,0.9457161242875529,0.9468192682478398,0.9428969786112642,0.9445823374394803,0.946298339155482,0.9463902678188392
273,0.9266932149805449,0.9280307636186771,0.9266932149805449,0.9280307636186771,0.931861016536965,0.9314962305447471,0.9279851653696498,0.9284867461089494
274,0.9461179271195752,0.9465604590123908,0.9461179271195752,0.9465604590123908,0.9459805896355978,0.945187084172618,0.9453854605383629,0.9453091619361534
275,0.927930402930403,0.9303113553113553,0.927930402930403,0.9303113553113553,0.9304945054945055,0.9305860805860806,0.9307539682539682,0.9307081807081807
276,0.9343337590464028,0.9331174359909992,0.9343337590464028,0.9331174359909992,0.9355196740254211,0.9348506963449492,0.9335583530985829,0.9334367207930426
277,0.9362484737484738,0.9343101343101343,0.9362484737484738,0.9343101343101343,0.9328296703296702,0.9336691086691087,0.9337606837606837,0.933943833943834
278,0.9670589671963488,0.9671200256445482,0.9670589671963488,0.9671200256445482,0.965028773793714,0.965837798232358,0.9667842041794509,0.967013173360199
279,0.9522875816993465,0.952561179510564,0.9522875816993465,0.952561179510564,0.9507219942240462,0.9490956072351421,0.9523787809697521,0.9525155798753611
280,0.9427577048129322,0.9435667292515761,0.9427577048129322,0.9435667292515761,0.9407275114102975,0.9409106867548962,0.9426508525285832,0.9429561447695807
281,0.9610284580758373,0.9609826810101472,0.9610284580758373,0.9609826810101472,0.9612573434042878,0.9613641565575647,0.96064698252842,0.9608300907911802
282,0.9501611138132295,0.9483219844357976,0.9501611138132295,0.9483219844357976,0.949583535992218,0.9488387645914397,0.9481851896887159,0.948519576848249
283,0.9680461453946163,0.9634224501007141,0.9680461453946163,0.9634224501007141,0.9587224562046023,0.9619422572178477,0.9634071903802722,0.9636360861869011
284,0.950585254933081,0.9490591664504708,0.950585254933081,0.9490591664504708,0.9536526927831276,0.9525539090756481,0.9483724266332964,0.9484029484029484
285,0.9533169533169532,0.9526302134997787,0.9533169533169532,0.9526302134997787,0.951485647137821,0.9485402963663834,0.9510736032475162,0.9511346467868207
286,0.9655782998275099,0.961472119186091,0.9655782998275099,0.961472119186091,0.9588771351376104,0.9588313413014607,0.9605257132389982,0.96026621483415
287,0.940319233351645,0.9403039736312031,0.940319233351645,0.9403039736312031,0.941875724836721,0.9396935848135263,0.9388085210278948,0.9390526765549655
288,0.9415423266644197,0.9399950978890285,0.9415423266644197,0.9399950978890285,0.9435338092466068,0.940439351695824,0.9408223291154753,0.9406078617604706
289,0.9584252450980392,0.9589613970588236,0.9584252450980392,0.9589613970588236,0.9572610294117647,0.9567401960784313,0.9581188725490195,0.9580575980392156
290,0.9463468229262041,0.9424250747726302,0.9463468229262041,0.9424250747726302,0.9428065677836782,0.9429744247085394,0.9418299456753954,0.9414484526643472
291,0.9518519083736476,0.952965952965953,0.9518519083736476,0.952965952965953,0.9507531246661681,0.9506310375875593,0.9530575182749096,0.9525996917301266
292,0.9538309516570386,0.9565977500760111,0.9538309516570386,0.9565977500760111,0.9546974764366069,0.9576923076923077,0.956202493159015,0.956658558832472
293,0.950275819797732,0.9498161201348453,0.950275819797732,0.9498161201348453,0.9515170088875268,0.9516089488201043,0.9494790070487281,0.9495862703034017
294,0.9531204666575045,0.9530288454197017,0.9531204666575045,0.9530288454197017,0.9526929008810909,0.9534258707835143,0.9523722265487807,0.9527692519125934
295,0.9605231032167492,0.9625068668741987,0.9605231032167492,0.9625068668741987,0.9636513459073429,0.9636208264664592,0.963651345907343,0.9634071903802721
296,0.96875,0.9679596303501945,0.96875,0.9679596303501945,0.9694187743190661,0.9669564688715953,0.9681116245136187,0.9677012402723735
297,0.9522247314453125,0.9538116455078125,0.9522247314453125,0.9538116455078125,0.9548492431640625,0.954742431640625,0.953338623046875,0.9531707763671875
298,0.9434569414649095,0.9437787312289304,0.9434569414649095,0.9437787312289304,0.9470425988354275,0.9460006129328838,0.9447134538768005,0.9443763407906834
299,0.9563597903062633,0.9546889849474233,0.9563597903062633,0.9546889849474233,0.9555013948925473,0.9559765780679973,0.9550262117170975,0.9552254820809958
300,0.954010009765625,0.9531097412109375,0.954010009765625,0.9531097412109375,0.952056884765625,0.951873779296875,0.953338623046875,0.953125
301,0.9349212646484375,0.9327850341796875,0.9349212646484375,0.9327850341796875,0.9332427978515625,0.93316650390625,0.9340362548828125,0.933624267578125
302,0.9616388189517052,0.9614099336232549,0.9616388189517052,0.9614099336232549,0.9618219272144656,0.9611810482948042,0.9621881437399863,0.9615930418860151
303,0.9460090671795577,0.9461922425241561,0.9460090671795577,0.9461922425241561,0.9495962510112805,0.9475660576086459,0.9459022148952085,0.9462075071362062
304,0.9573185619239456,0.958371482634438,0.9573185619239456,0.958371482634438,0.9578526521394128,0.9572727827626197,0.9581273271073674,0.9582036257095771
305,0.9356513506497474,0.9363385099332693,0.9356513506497474,0.9363385099332693,0.9313756928856108,0.9354070273489395,0.9373921541680028,0.937178371279796
306,0.9636224333435489,0.9646337726019001,0.9636224333435489,0.9646337726019001,0.9624425375421392,0.9619062212687711,0.9642813361936868,0.9641281029727246
307,0.9558139534883723,0.9550539595683234,0.9558139534883723,0.9550539595683234,0.9555707554339565,0.9567715458276334,0.9561331509347926,0.9568019455844352
308,0.9367208361943998,0.9379110399023423,0.9367208361943998,0.9379110399023423,0.932646677347982,0.9342946517128251,0.9377889677271687,0.9379873350118256
309,0.9323262378881513,0.9323872739757382,0.9323262378881513,0.9323872739757382,0.9326924544136721,0.9315938048371101,0.9316548409246967,0.9312428473334858
310,0.9472471464322773,0.9466672770554843,0.9472471464322773,0.9466672770554843,0.9460874076786913,0.9450497466886407,0.9460568882378074,0.9460721479582495
311,0.9607539139686883,0.9606019151846785,0.9607539139686883,0.9606019151846785,0.9598571211430308,0.9594923240614075,0.9606931144550843,0.9605563155494756
312,0.9665481404611839,0.9632060066842676,0.9665481404611839,0.9632060066842676,0.9661360965708792,0.9636485723442244,0.965205182596487,0.9646557907427473
313,0.9543297474631877,0.9546044098573281,0.9543297474631877,0.9546044098573281,0.9520256351567864,0.950988021667811,0.9523613336385137,0.9523308155947203
314,0.9528631391893134,0.9522044180275131,0.9528631391893134,0.9522044180275131,0.9535065412543277,0.9518061215110756,0.9524648426728761,0.9520359079628665
315,0.9621271076523995,0.9627222095063707,0.9621271076523995,0.9627222095063707,0.9655451285572595,0.9651331349660486,0.9629663538567177,0.9627832455939574
316,0.9552519083969466,0.9523206106870228,0.9552519083969466,0.9523206106870228,0.9583053435114504,0.9557251908396946,0.9536030534351145,0.9531755725190839
317,0.9342153451748763,0.9326283342489166,0.9342153451748763,0.9326283342489166,0.9285234694500397,0.929439052676555,0.9315296343770982,0.9314838552157725
318,0.9600677490234375,0.9599151611328125,0.9600677490234375,0.9599151611328125,0.9581298828125,0.9559478759765625,0.959442138671875,0.958984375
319,0.96415655756466,0.9649805447470817,0.96415655756466,0.9649805447470817,0.9646143282215609,0.9661402304112306,0.9650110627908751,0.9651941710536356
320,0.9536799315361575,0.9556971697536524,0.9536799315361575,0.9556971697536524,0.9490800171159606,0.9522281313038694,0.9543981905984474,0.9548719359374044
321,0.9326990838618746,0.9314275209118484,0.9326990838618746,0.9314275209118484,0.9338634065631032,0.9343076875938352,0.9316266813739007,0.9319943622269203
322,0.9498931623931623,0.9487484737484737,0.9498931623931623,0.9487484737484737,0.9480006105006106,0.9470238095238095,0.9464896214896215,0.9462759462759462
323,0.952790612840467,0.9551009241245136,0.952790612840467,0.9551009241245136,0.9514530642023347,0.9528970087548638,0.9554505107003891,0.9552377188715954
324,0.9321247634743332,0.9330556064212905,0.9321247634743332,0.9330556064212905,0.9325215162058231,0.9337575535616186,0.9322621009583105,0.9326893731306842
325,0.9591827392578125,0.95831298828125,0.9591827392578125,0.95831298828125,0.95751953125,0.9572601318359375,0.956878662109375,0.9570465087890625
326,0.9409933623254749,0.9403982604715038,0.9409933623254749,0.9403982604715038,0.9409170672159913,0.9412985427634087,0.9396658274204623,0.9398031586175326
327,0.9590911865234375,0.9581146240234375,0.9590911865234375,0.9581146240234375,0.9589996337890625,0.959075927734375,0.9588623046875,0.95819091796875
328,0.9359660594264164,0.9354642498707461,0.9359660594264164,0.9354642498707461,0.9388248532587209,0.9385511389556279,0.9363462181807123,0.9363158054803686
329,0.9448717948717948,0.9422008547008547,0.9448717948717948,0.9422008547008547,0.9428113553113552,0.9430250305250305,0.9423076923076924,0.9421398046398046
330,0.9342553159011463,0.9367434476652777,0.9342553159011463,0.9367434476652777,0.9313397749996183,0.934163728228847,0.936819770725527,0.9368655645616767
331,0.9524376287479972,0.9500724803540093,0.9524376287479972,0.9500724803540093,0.9541466392004273,0.9529259174486915,0.9519340810254063,0.951247425040055
332,0.9591344686565341,0.9573796008057133,0.9591344686565341,0.9573796008057133,0.95918024781786,0.9590734297747666,0.9572117438808522,0.9570744063968748
333,0.9240152671755725,0.9257099236641221,0.9240152671755725,0.9257099236641221,0.9239694656488551,0.9240458015267174,0.9258931297709923,0.9258167938931297
334,0.9542360983946774,0.9553195385460539,0.9542360983946774,0.9553195385460539,0.9554263565891472,0.9535036318134653,0.9551516816211928,0.9553347982664958
335,0.9446707866025787,0.9427328908216982,0.9446707866025787,0.9427328908216982,0.9401998931868467,0.9422903791866941,0.9426413366903181,0.9433737697413596
336,0.9412805957394861,0.9403955319538545,0.9412805957394861,0.9403955319538545,0.9385185863394984,0.9381981322102179,0.9393273515229201,0.9396020264908748
337,0.9464103150988022,0.9451895933470664,0.9464103150988022,0.9451895933470664,0.9449912260624094,0.9440451667048143,0.9449454489967193,0.9449301899748227
338,0.9455252918287939,0.9492637521934844,0.9455252918287939,0.9492637521934844,0.9494621194781415,0.9500724803540093,0.9490501258869306,0.949385824368658
339,0.9352155396917798,0.9327798033027972,0.9352155396917798,0.9327798033027972,0.9333772480774531,0.931278531817764,0.9328104414963693,0.9326112932381505
340,0.9500663848489935,0.950875211744777,0.9500663848489935,0.950875211744777,0.9518213866039953,0.9511346467868207,0.9502037328124285,0.9508141682054726
341,0.9671127931997496,0.9692035344209258,0.9671127931997496,0.9692035344209258,0.9707601446731883,0.9704701878614922,0.9714621453751888,0.9711111450241885
342,0.9645362909402861,0.9631575722295412,0.9645362909402861,0.9631575722295412,0.9644443763595698,0.9632494868102577,0.9636631024234811,0.9634486350684764
343,0.9340024517315353,0.9374195525589948,0.9340024517315353,0.9374195525589948,0.9352589641434264,0.9360251302482379,0.9376034324241496,0.9375574624578609
344,0.962646484375,0.9636077880859375,0.962646484375,0.9636077880859375,0.963470458984375,0.963165283203125,0.96307373046875,0.9628753662109375
345,0.942310049019608,0.9424479166666667,0.942310049019608,0.9424479166666667,0.9447763480392157,0.9445159313725491,0.9426470588235295,0.9430300245098039
346,0.9350393700787403,0.9319721662699139,0.9350393700787403,0.9319721662699139,0.9325520356467071,0.9338643716047123,0.9328419703351035,0.9326893731306843
347,0.9440916030534352,0.9404732824427481,0.9440916030534352,0.9404732824427481,0.9424427480916031,0.9404122137404579,0.9394656488549619,0.9393129770992366
348,0.9360572975274475,0.9319059639305374,0.9360572975274475,0.9319059639305374,0.9349776466652475,0.9339588212037349,0.9318603448800219,0.932118852832943
349,0.9650494296577947,0.9668136882129278,0.9650494296577947,0.9668136882129278,0.9645627376425855,0.9671939163498099,0.965657794676806,0.9664486692015208
350,0.9583733882658121,0.9612573434042877,0.9583733882658121,0.9612573434042877,0.9640802624551766,0.9633630884260319,0.9614557106889449,0.961348897535668
351,0.9556096077835209,0.9552447552447553,0.9556096077835209,0.9552447552447553,0.954773487382183,0.9559136515658255,0.9551383399209485,0.9556704165399817
352,0.9488854961832061,0.9418167938931299,0.9488854961832061,0.9418167938931299,0.9421984732824428,0.9394503816793893,0.9423816793893128,0.9421679389312977
353,0.9596960031742641,0.9526149526149527,0.9596960031742641,0.9526149526149527,0.9561096952401301,0.9515314297922992,0.9514246035985167,0.9511346467868207
354,0.945404052734375,0.9455718994140625,0.945404052734375,0.9455718994140625,0.9451751708984375,0.9445953369140625,0.94525146484375,0.945465087890625
355,0.9529274075875487,0.9549641293774318,0.9529274075875487,0.9549641293774318,0.952608219844358,0.9565144698443577,0.9561040856031129,0.9561648832684825
356,0.9309224078736553,0.9333638513771267,0.9309224078736553,0.9333638513771267,0.9362935835812924,0.9338673990997177,0.9336842908369574,0.9335317006179904
357,0.9580586080586081,0.9587454212454212,0.9580586080586081,0.9587454212454212,0.9581349206349206,0.9606837606837607,0.959539072039072,0.9599206349206348
358,0.9538461538461539,0.956074481074481,0.9538461538461539,0.956074481074481,0.9570360195360195,0.9565018315018315,0.9563186813186813,0.9564102564102565
359,0.9563233476276954,0.9558197384284343,0.9563233476276954,0.9558197384284343,0.9573763486806965,0.95610969524013,0.9552856074595205,0.9551940421505639
360,0.9523613336385137,0.9511711299305715,0.9523613336385137,0.9511711299305715,0.9539177538719769,0.9525444419012741,0.9524071107042038,0.9520103761348897
361,0.9608300907911802,0.9619897764553292,0.9608300907911802,0.9619897764553292,0.9592736705577172,0.9601129167620356,0.9613336385137713,0.961852445258259
362,0.9468961728621131,0.949444546175914,0.9468961728621131,0.949444546175914,0.9473844839162547,0.9493682475737044,0.9493987670145884,0.9498565586278458
363,0.9501800537109375,0.9504852294921875,0.9501800537109375,0.9504852294921875,0.9482574462890625,0.9495849609375,0.9503631591796875,0.9505462646484375
364,0.961013497081712,0.9618646643968872,0.961013497081712,0.9618646643968872,0.9624574416342414,0.9634302042801556,0.9622902480544747,0.9628374270428016
365,0.9509007633587787,0.9510687022900763,0.9509007633587787,0.9510687022900763,0.9531908396946565,0.9525190839694656,0.9521832061068702,0.9523053435114504
366,0.9373523546556222,0.9428133149256019,0.9373523546556222,0.9428133149256019,0.9427672955974843,0.9443779720816076,0.9437797208160761,0.9440098174566651
367,0.9549033317120623,0.948853964007782,0.9549033317120623,0.948853964007782,0.9508298881322959,0.9517570525291829,0.949583535992218,0.9499483219844358
368,0.9481500623232906,0.9466907852734624,0.9481500623232906,0.9466907852734624,0.9483780743623264,0.9451403034080199,0.9463107652084031,0.9461739579849816
369,0.9375267045107735,0.9390374168345235,0.9375267045107735,0.9390374168345235,0.9316669718610755,0.9365806018433742,0.9373435878654703,0.9376487822743087
370,0.94702067597467,0.9484550240329596,0.94702067597467,0.9484550240329596,0.9466086823834592,0.9480430304417485,0.9474174105439841,0.9474784466315709
371,0.9523555175729088,0.952523387305996,0.9523555175729088,0.952523387305996,0.9558349993132602,0.9540952584430846,0.9532864315473011,0.9530269965052574
372,0.9458627030340179,0.9429206251915416,0.9458627030340179,0.9429206251915416,0.9430891817346001,0.9429665951578303,0.9440545510266627,0.9437634079068341
373,0.9562419562419562,0.9536526322240607,0.9562419562419562,0.9536526322240607,0.9528405956977386,0.9532389532389532,0.9548170619599191,0.9544187044187045
374,0.9394989013671875,0.9392547607421875,0.9394989013671875,0.9392547607421875,0.940093994140625,0.9412994384765625,0.94061279296875,0.94061279296875
375,0.9397698834157359,0.9394341695660136,0.9397698834157359,0.9394341695660136,0.9353140450466948,0.9375114447903314,0.9383507294146372,0.9390831959958494
376,0.9463035019455251,0.946761272602426,0.9463035019455251,0.946761272602426,0.9465934233615625,0.9452506294346533,0.9463950560769054,0.9460440985732814
377,0.9227247756821094,0.9216718549716169,0.9227247756821094,0.9216718549716169,0.9205273759384727,0.9208020509064274,0.9211530244765915,0.9208783495086371
378,0.936857629386365,0.9364775284315514,0.936857629386365,0.9364775284315514,0.941555677187861,0.9406434348963085,0.9368120172717874,0.9368424253481725
379,0.9660692401960784,0.9652420343137255,0.9660692401960784,0.9652420343137255,0.9609834558823529,0.9622855392156863,0.9644148284313725,0.9645680147058823
380,0.9228621131660868,0.9233504242202283,0.9228621131660868,0.9233504242202283,0.9143166697186107,0.9153238112677775,0.9213971800036623,0.9214276994445462
381,0.9334371945259042,0.9357893450635387,0.9334371945259042,0.9357893450635387,0.9358657135874878,0.9364613880742914,0.9357893450635386,0.9358809872922776
382,0.9493793103448276,0.9469731800766283,0.9493793103448276,0.9469731800766283,0.9463141762452109,0.9475708812260537,0.9476628352490423,0.9479540229885058
383,0.9511019911840705,0.9499620003039976,0.9511019911840705,0.9499620003039976,0.944642042863657,0.9472108223134215,0.9495060039519684,0.9494452044383646
384,0.9421245421245421,0.9416208791208791,0.9421245421245421,0.9416208791208791,0.9428876678876679,0.9420177045177045,0.9427350427350427,0.9419413919413919
385,0.9549325980392157,0.9569393382352941,0.9549325980392157,0.9569393382352941,0.949908088235294,0.9515318627450979,0.9544577205882353,0.955499387254902
386,0.9365757626627191,0.9371098936316328,0.9365757626627191,0.9371098936316328,0.9360416316938056,0.9383612861873731,0.9373540677888502,0.9378271552184596
387,0.9386970256535474,0.9396432005127657,0.9386970256535474,0.9396432005127657,0.9421307247394204,0.9386970256535474,0.9376898072550247,0.9387733300776779
388,0.921034561684596,0.9201190203707942,0.921034561684596,0.9201190203707942,0.9208972304875256,0.920836194399939,0.9195696955825131,0.9198901350423437
389,0.954055085069047,0.9532463569085222,0.954055085069047,0.9532463569085222,0.9552300297550926,0.9571831845578699,0.9548485542076752,0.9543450064850844
390,0.9422633499778582,0.9429352390550797,0.9422633499778582,0.9429352390550797,0.9445538809229314,0.9439278024646114,0.9428894284361783,0.9425840243101684
391,0.9306657679463219,0.9334691626581696,0.9306657679463219,0.9334691626581696,0.9321364012377831,0.9324427831735042,0.9340666074328258,0.9343270320781888
392,0.9543063873772534,0.953683154470556,0.9543063873772534,0.953683154470556,0.9582129936460646,0.9565105037545982,0.9551728331255892,0.9548384154683368
393,0.9337921142578125,0.932952880859375,0.9337921142578125,0.932952880859375,0.9344940185546875,0.933135986328125,0.932525634765625,0.9324798583984375
394,0.9414956680346557,0.9442924456604347,0.9414956680346557,0.9442924456604347,0.943623651010792,0.943578051375589,0.9440036479708163,0.9439276485788115
395,0.9526720598149169,0.953392167677882,0.9526720598149169,0.953392167677882,0.9522583808298094,0.9505883434454864,0.9529172029172029,0.9529938101366673
396,0.9580528460869168,0.9574422616049214,0.9580528460869168,0.9574422616049214,0.9600067164293019,0.9577780830700188,0.957335409320572,0.9571522339759736
397,0.937835693359375,0.938934326171875,0.937835693359375,0.938934326171875,0.936981201171875,0.9366302490234375,0.9393157958984375,0.9389495849609375
398,0.9386892500190738,0.9402609292744335,0.9386892500190738,0.9402609292744335,0.9417257953765164,0.9408560311284047,0.9412527656977188,0.9409323262378881
399,0.9772099342095221,0.9741417471874952,0.9772099342095221,0.9741417471874952,0.9765688205034269,0.9737448672741982,0.973653279601899,0.9737906611103478
400,0.9577019913023576,0.9567864499885558,0.9577019913023576,0.9567864499885558,0.9550926985580225,0.9542229343099108,0.9563744563973449,0.955916685740444
401,0.9353903436489044,0.9363822254776293,0.9353903436489044,0.9363822254776293,0.939937740340597,0.9395409876091071,0.9382744308124275,0.936992614295306
402,0.9470355731225296,0.9487838248707814,0.9470355731225296,0.9487838248707814,0.947506840985102,0.9472636059592581,0.9474308300395257,0.9478716935238674
403,0.9556946564885497,0.9559847328244275,0.9556946564885497,0.9559847328244275,0.955175572519084,0.9566412213740458,0.956793893129771,0.9565954198473282
404,0.9395560960778353,0.941045910611128,0.9395560960778353,0.941045910611128,0.9410611128002433,0.9413651565825479,0.9405594405594406,0.9406962602614777
405,0.9493247882810711,0.9432211795223926,0.9493247882810711,0.9432211795223926,0.9399710078583963,0.9426718547341115,0.9437552452887771,0.9447013046463723
406,0.9424124513618677,0.9454184786755169,0.9424124513618677,0.9454184786755169,0.9425650415808348,0.940535591668574,0.9456168459601739,0.9453727016098268
407,0.958709716796875,0.958251953125,0.958709716796875,0.958251953125,0.9616241455078125,0.9599761962890625,0.95806884765625,0.957794189453125
408,0.9438949938949939,0.9442765567765568,0.9438949938949939,0.9442765567765568,0.9418040293040292,0.9431929181929183,0.9438492063492064,0.9436507936507937
409,0.9480559116156992,0.9486357809924922,0.9480559116156992,0.9486357809924922,0.9514740889946895,0.9509094793383386,0.9496734419825428,0.9493987670145884
410,0.9602564102564102,0.9602716727716728,0.9602564102564102,0.9602716727716728,0.9617521367521368,0.9605769230769231,0.9605006105006104,0.9600579975579976
411,0.9390789333089099,0.9407580406343973,0.9390789333089099,0.9407580406343973,0.9411091267115446,0.9413838897284424,0.9415060066248416,0.9415670650730412
412,0.9355544747081712,0.9382143725680933,0.9355544747081712,0.9382143725680933,0.9386551556420234,0.9398559095330739,0.9384271643968872,0.9384575632295721
413,0.9429408801575307,0.9429561447695807,0.9429408801575307,0.9429561447695807,0.9429408801575309,0.9436888461479751,0.9433224954587779,0.9432003785623788
414,0.9595075239398085,0.956421948624411,0.9595075239398085,0.956421948624411,0.9569387444900441,0.9538531691746467,0.9576531387748898,0.9565739474084207
415,0.9381251240704261,0.9384152579901354,0.9381251240704261,0.9384152579901354,0.9382320155145297,0.9392245789240613,0.9381403942767267,0.9386443110846429
416,0.9520110661842945,0.949654941780926,0.9520110661842945,0.949654941780926,0.9526951023014016,0.9517678533426565,0.9499285562277687,0.9495789377679141
417,0.9691907830739299,0.9693579766536965,0.9691907830739299,0.9693579766536965,0.9739178015564202,0.9737506079766538,0.970847519455253,0.9706347276264592
418,0.9415108679130567,0.9427572579419364,0.9415108679130567,0.9427572579419364,0.9471348229214167,0.946937224502204,0.943015655874753,0.9434108527131784
419,0.9513895272237031,0.9530440910622912,0.9513895272237031,0.9530440910622912,0.9528296105646965,0.9515120875080431,0.95408585347918,0.9537181726261604
420,0.9516289005874724,0.949889372091249,0.9516289005874724,0.949889372091249,0.9483634699015793,0.9500572213321127,0.9503929198138399,0.9502098115510796
421,0.9680628671702144,0.966674296177615,0.9680628671702144,0.966674296177615,0.9670710307469291,0.9675135423819332,0.9669947356374455,0.9667353322652018
422,0.9604646547907983,0.9575796431133703,0.9604646547907983,0.9575796431133703,0.9602204209980003,0.955213628245638,0.9594877196196061,0.9587855474653111
423,0.9542478672913456,0.9546446502968242,0.9542478672913456,0.9546446502968242,0.9591160895508722,0.9545836067575197,0.9551329986112596,0.9541257802127368
424,0.9375601558322513,0.9374532121304713,0.9375601558322513,0.9374532121304713,0.9332212970743258,0.9352837827515088,0.9371171033534489,0.9370407149950347
425,0.943432216321797,0.9417841665140695,0.943432216321797,0.9417841665140695,0.9440731245803576,0.941494231825673,0.9411585179759506,0.94091436244888
426,0.9572896154844225,0.9580681106989665,0.9572896154844225,0.9580681106989665,0.9596708949642045,0.9587855474653111,0.9584191967761141,0.9584649906122635
427,0.96417236328125,0.9642181396484375,0.96417236328125,0.9642181396484375,0.9644317626953125,0.963165283203125,0.9642181396484375,0.963470458984375
428,0.9615455044863578,0.9584935603979735,0.9615455044863578,0.9584935603979735,0.9561435634499177,0.9606451809802844,0.9571354452786425,0.95838674235488
429,0.9476648351648351,0.9459859584859585,0.9476648351648351,0.9459859584859585,0.9451159951159951,0.9463980463980464,0.9460775335775335,0.9464285714285714
430,0.9604896283359377,0.9585439838220424,0.9604896283359377,0.9585439838220424,0.9591414652081994,0.9589269847106046,0.9594325458835065,0.9591874253148267
431,0.9544719169719169,0.9514652014652014,0.9544719169719169,0.9514652014652014,0.9559065934065933,0.9536324786324786,0.9505799755799755,0.9511446886446887
432,0.9509399987792224,0.9509705182201063,0.9509399987792224,0.9509705182201063,0.9497344808643106,0.950817921015687,0.9509705182201061,0.9512451931880608
433,0.940715986083135,0.9441341634621254,0.940715986083135,0.9441341634621254,0.9429744247085394,0.9441799426234512,0.9439052676554965,0.9439510468168224
434,0.9508699633699633,0.9481074481074481,0.9508699633699633,0.9481074481074481,0.9475427350427351,0.9471153846153846,0.948015873015873,0.9479853479853481
435,0.9425166330952817,0.940883843007996,0.9425166330952817,0.940883843007996,0.938762741866569,0.9349935909174144,0.9388390404687786,0.9393426112433618
436,0.9578737745098038,0.9532935049019607,0.9578737745098038,0.9532935049019607,0.9558976715686274,0.9536305147058824,0.9530943627450981,0.953140318627451
437,0.9456654456654456,0.9465506715506715,0.9456654456654456,0.9465506715506715,0.9459554334554334,0.9473137973137973,0.9463369963369963,0.946001221001221
438,0.9478751812008851,0.9469596398870832,0.9478751812008851,0.9469596398870832,0.9464560921644923,0.9461814297703518,0.9484397650110629,0.9477683680476082
439,0.9423150310634855,0.9385599364992139,0.9423150310634855,0.9385599364992139,0.9434751415792768,0.9423150310634855,0.9394147547740075,0.9393842255499074
440,0.952588114973058,0.9525423211369083,0.952588114973058,0.9525423211369083,0.9542061638503456,0.9542366930744455,0.9522828227320602,0.9525423211369083
441,0.9379901960784314,0.9378063725490197,0.9379901960784314,0.9378063725490197,0.9365349264705882,0.936626838235294,0.9371323529411766,0.9363664215686275
442,0.953206106870229,0.9512519083969465,0.953206106870229,0.9512519083969465,0.9513282442748091,0.9504122137404579,0.9502748091603054,0.9501221374045801
443,0.9571659647195264,0.9593633644631632,0.9571659647195264,0.9593633644631632,0.9547549288897028,0.9571964841604101,0.9588903131294635,0.9591955075383019
444,0.9288079722862332,0.9232835319791841,0.9288079722862332,0.9232835319791841,0.9304714087322783,0.9282127977780152,0.9235124452515757,0.9233903581729668
445,0.9532747360068364,0.9542513581151193,0.9532747360068364,0.9542513581151193,0.9534425929316975,0.9540072025880486,0.9532899957272782,0.9536562290178844
446,0.9480085132259045,0.9510185466707206,0.9480085132259045,0.9510185466707206,0.9484189723320158,0.9490574642748555,0.9493767102462756,0.9496959562176954
447,0.9557057057057058,0.952059202059202,0.9557057057057058,0.952059202059202,0.9558742415885273,0.9488570202855917,0.9489795918367347,0.9489642703928418
448,0.9302272345750606,0.9277091885787538,0.9302272345750606,0.9277091885787538,0.9301814519205824,0.927434492651884,0.9275107970760145,0.9276328841546234
449,0.9259236650540998,0.9220931829627482,0.9259236650540998,0.9220931829627482,0.9224747050834008,0.921330138721443,0.9201855723594854,0.9207349642132251
450,0.9612126207812428,0.9572438216482728,0.9612126207812428,0.9572438216482728,0.9572590862603229,0.9569843232434246,0.9564042679855291,0.9562516218650303
451,0.9532755737954097,0.9540659674722602,0.9532755737954097,0.9540659674722602,0.9513907888736889,0.9539595683234534,0.9536251709986321,0.9538531691746466
452,0.955062180514229,0.9589684901197834,0.955062180514229,0.9589684901197834,0.9608148317692836,0.9593041886015106,0.9591821164263371,0.958587014572366
453,0.9459306850611199,0.9458238588673371,0.9459306850611199,0.9458238588673371,0.9477009477009477,0.9462206418728157,0.9469684252292948,0.9464342942603813
454,0.9540863037109375,0.95355224609375,0.9540863037109375,0.95355224609375,0.9549713134765625,0.9532318115234375,0.95281982421875,0.9531402587890625
455,0.9391432248575106,0.9406753692467977,0.9391432248575106,0.9406753692467977,0.935971685971686,0.9419470490899062,0.9396028681742967,0.9409511552368696
456,0.9391738677452963,0.9400778329349758,0.9391738677452963,0.9400778329349758,0.9448274805417662,0.9430655144940859,0.9410890482319054,0.9412575841147269
457,0.9514535060512072,0.9495377972389466,0.9514535060512072,0.9495377972389466,0.9485039226418537,0.9493705528188287,0.9499026941555677,0.9498114699264124
458,0.9566033417257954,0.9551842526894025,0.9566033417257954,0.9551842526894025,0.9554589150835431,0.9555809872587167,0.9559777218280308,0.955870908674754
459,0.95,0.9519324406573342,0.95,0.9519324406573342,0.9484175289105297,0.9489805234327451,0.9506999391357273,0.9503804017041996
460,0.9229465648854961,0.9245190839694656,0.9229465648854961,0.9245190839694656,0.9231755725190839,0.9216946564885495,0.9234351145038169,0.9226259541984733
461,0.9472832722832724,0.946031746031746,0.9472832722832724,0.946031746031746,0.9449938949938949,0.9445818070818071,0.945970695970696,0.9459401709401709
462,0.9488212405584802,0.9485313191424429,0.9488212405584802,0.9485313191424429,0.9529106584267949,0.9467765316243228,0.9474021515220874,0.9472495613031204
463,0.9568017090104525,0.9550011444266422,0.9568017090104525,0.9550011444266422,0.9574578469520103,0.9541771572442206,0.9549706263828489,0.9548790722514686
464,0.9526639909310947,0.9519593124789362,0.9526639909310947,0.9519593124789362,0.9519133551885782,0.9506418701553356,0.9513159104139219,0.951315910413922
465,0.944973448086431,0.9406091680400416,0.944973448086431,0.9406091680400416,0.9389458585118722,0.9414942318256729,0.9403955319538546,0.9401818958676679
466,0.9427913080632362,0.9421809192455595,0.9427913080632362,0.9421809192455595,0.9404718305560642,0.9396935848135263,0.9421961789660014,0.9417689067936276
467,0.9657282368200198,0.9680933852140078,0.9657282368200198,0.9680933852140078,0.9678034637979706,0.9681544213015946,0.967879758907454,0.9681544213015946
468,0.9545260330830739,0.9549990844167735,0.9545260330830739,0.9549990844167735,0.9544344747604224,0.954114020631142,0.9554721357504731,0.9549380455350058
469,0.9254426129426129,0.9248473748473749,0.9254426129426129,0.9248473748473749,0.9273199023199024,0.9238553113553113,0.9252136752136753,0.9254884004884005
470,0.9316205533596839,0.9313165095773791,0.9316205533596839,0.9313165095773791,0.9328519306780177,0.9339464882943144,0.9318333840072971,0.9321526299787171
471,0.9638473282442748,0.9632671755725192,0.9638473282442748,0.9632671755725192,0.9604274809160306,0.9611145038167939,0.9635267175572518,0.9634656488549619
472,0.9386247568093385,0.9400535019455253,0.9386247568093385,0.9400535019455253,0.941558244163424,0.938898346303502,0.9398711089494163,0.9402054961089494
473,0.9658660888671875,0.965972900390625,0.9658660888671875,0.965972900390625,0.9662017822265625,0.9652099609375,0.964599609375,0.9645233154296875
474,0.9467893548190196,0.9479185741317219,0.9467893548190196,0.9479185741317219,0.9497802600256364,0.9489409754013306,0.9486510407129342,0.9488494170786791
475,0.9568640564202335,0.9550705252918288,0.9568640564202335,0.9550705252918288,0.9557848978599222,0.9547969357976653,0.9548425340466926,0.954857733463035
476,0.9583791208791209,0.9615384615384616,0.9583791208791209,0.9615384615384616,0.963034188034188,0.962087912087912,0.961614774114774,0.9619200244200243
477,0.9394688644688645,0.9420940170940171,0.9394688644688645,0.9420940170940171,0.9408730158730159,0.9428724053724054,0.9411324786324786,0.9410256410256411
478,0.9410669596532991,0.9384270280168466,0.9410669596532991,0.9384270280168466,0.9409296221693221,0.938961118232314,0.937999755844473,0.937587743392541
479,0.9426495948235079,0.9423596380118118,0.9426495948235079,0.9423596380118118,0.9431532040227693,0.942695377477986,0.943244769331726,0.9433210737558564
480,0.9319999999999999,0.9327816091954023,0.9319999999999999,0.9327816091954023,0.9333793103448276,0.9341302681992338,0.9327203065134099,0.9329501915708812
481,0.9573153051413922,0.9566743479786959,0.9573153051413922,0.9566743479786959,0.9555755642712165,0.9561096952401299,0.9566896088635218,0.9568880003662613
482,0.9544039553195384,0.9533815540499297,0.9544039553195384,0.9533815540499297,0.9519166208875053,0.9512757126289446,0.9516419459195506,0.9520844778123665
483,0.9363160385278808,0.9346827250385433,0.9363160385278808,0.9346827250385433,0.9347285188746929,0.9332631161179038,0.9340416113324479,0.9338279067637496
484,0.9401023315665309,0.9403014798247494,0.9401023315665309,0.9403014798247494,0.9404699898893961,0.9402555225343915,0.9400563742761727,0.9398878642115259
485,0.9538655641017847,0.9547016082449153,0.9538655641017847,0.9547016082449153,0.9560696804791292,0.9542759857720489,0.954367190587663,0.954245584166844
486,0.9679088079106389,0.9682140023194776,0.9679088079106389,0.9682140023194776,0.9677562107062199,0.9677867301471036,0.9683971189647805,0.9683513398034548
487,0.9428449171709762,0.9400941377834832,0.9428449171709762,0.9400941377834832,0.9437924078488905,0.9413931169386881,0.9405984473378569,0.9406901399841067
488,0.9396528136685617,0.940397652996078,0.9396528136685617,0.940397652996078,0.9398960265101997,0.9399568297206093,0.9409296810871612,0.940914480284559
489,0.9465426017150154,0.9475612722739157,0.9465426017150154,0.9475612722739157,0.9479717813051145,0.9454022988505748,0.9449613817429909,0.9467858663260962
490,0.9492034912109375,0.947052001953125,0.9492034912109375,0.947052001953125,0.9453277587890625,0.944488525390625,0.9461669921875,0.9463653564453125
491,0.9336812549594091,0.9340322285295733,0.9336812549594091,0.9340322285295733,0.93622962827321,0.9356802783373008,0.9332234633461515,0.9330098272599646
492,0.9398574285234541,0.936819770725527,0.9398574285234541,0.936819770725527,0.9371403275785745,0.9346979896505929,0.9343469035734457,0.9349422234433911
493,0.9684127321922598,0.9669078527346243,0.9684127321922598,0.9669078527346243,0.9668926519320221,0.9675462864439242,0.9662542182227221,0.9665886358799745
494,0.9420177045177045,0.9417582417582416,0.9420177045177045,0.9417582417582416,0.9440323565323565,0.9431318681318681,0.9423687423687425,0.9419719169719171
495,0.9332386580542704,0.9336967642432848,0.9332386580542704,0.9336967642432848,0.9337578450684868,0.9329637943408615,0.9334829813550782,0.9339868981629942
496,0.9415813328856807,0.9396126787431135,0.9415813328856807,0.9396126787431135,0.9454575976315106,0.9436873349916828,0.9397347658217223,0.9397347658217222
497,0.9509057335144292,0.9509667770537334,0.9509057335144292,0.9509667770537334,0.9531796053535184,0.9522639522639523,0.9509209943992553,0.9512567338654295
498,0.9444546175914058,0.9428218275041202,0.9444546175914058,0.9428218275041202,0.9398614417383874,0.9422114386864434,0.9423487761704207,0.9425929316974914
499,0.9614862287327381,0.958281834134432,0.9614862287327381,0.958281834134432,0.9558403906309605,0.9583581292439155,0.9572899977111466,0.9580529488059816
500,0.9370565346761273,0.9348134584573129,0.9370565346761273,0.9348134584573129,0.938933394369421,0.9351338979171435,0.9368886854352636,0.9360189211871519
501,0.9292254165903682,0.9294237929561131,0.9292254165903682,0.9294237929561131,0.9365806018433742,0.9348715131538791,0.931377037172679,0.931178660806934
502,0.9611792711957517,0.9615607642067998,0.9611792711957517,0.9615607642067998,0.9630104376487825,0.9605688823780749,0.9616523225294513,0.9615607642067997
503,0.9524180371676823,0.9502649380793136,0.9524180371676823,0.9502649380793136,0.9541893810985386,0.9507993952998305,0.9500358849848061,0.9499289935407027
504,0.9470599905382514,0.9396126787431136,0.9470599905382514,0.9396126787431136,0.9401925923665054,0.9378271552184596,0.940146809712027,0.938483373265982
505,0.929290771484375,0.93414306640625,0.929290771484375,0.93414306640625,0.9350738525390625,0.936309814453125,0.933837890625,0.9337921142578125
506,0.953857421875,0.954833984375,0.953857421875,0.954833984375,0.9512786865234375,0.951751708984375,0.9546966552734375,0.955078125
507,0.9394799487273394,0.9392052737593847,0.9394799487273394,0.9392052737593847,0.9400292986632485,0.9398309222975034,0.938945858511872,0.9387932613074528
508,0.935882568359375,0.9333953857421875,0.935882568359375,0.9333953857421875,0.930267333984375,0.9300994873046875,0.93157958984375,0.9316864013671875
509,0.9508241758241757,0.9516178266178266,0.9508241758241757,0.9516178266178266,0.955006105006105,0.9547466422466422,0.952518315018315,0.9527319902319903
510,0.9503237770954307,0.9508102027787066,0.9503237770954307,0.9508102027787066,0.9483932751649289,0.9492597209132642,0.9507798011735019,0.9508558051865139
511,0.9515466906771255,0.9498832542310803,0.9515466906771255,0.9498832542310803,0.9516382559860821,0.9506157767027332,0.9494864712256016,0.9492117752987318
