magic,full_ts_s2,full_ts_s3,full_ts_s4,full_ts_reg0.3_s1,lean_s1,lean_s2,lean_s3,lean_s4,baseline_final,baseline_qda_avg4
0,0.9597374847374848,0.9477106227106228,0.9439560439560439,0.9588522588522589,0.9608821733821734,0.9588446275946275,0.9503205128205127,0.9437652625152624,0.9568833943833943,0.9592414529914529
1,0.9355347839411584,0.931657983450812,0.9324777811829605,0.9278348145878026,0.9338032485442844,0.937373582592706,0.93231688630095,0.9369981612013484,0.939288997854735,0.9378945755439779
2,0.9378959258750438,0.9422158110851614,0.9407427760223475,0.9391857855932592,0.9402237792126513,0.937354032147273,0.9388423318221368,0.9398116346873044,0.9371403275785746,0.9357359832699852
3,0.935322773369282,0.9413891356965594,0.9452265694414657,0.9449661447961027,0.9476852844756274,0.940424032599038,0.9433423205367811,0.9476699653788412,0.9487729403474371,0.9523039921566224
4,0.9448233768215457,0.9430228122377355,0.9471808957045853,0.9489433127336537,0.9515449759670406,0.9496147096971084,0.9460593575951782,0.9505302510109102,0.9579156176089112,0.9559014267185474
5,0.9611029725935422,0.9668101080388207,0.972028932429958,0.9671763413294269,0.9715253616553745,0.9622474516266862,0.9668024781785998,0.9727385094305073,0.9694652993957151,0.969465299395715
6,0.9514758633268483,0.9510654790856031,0.9483371838521402,0.9467640442607004,0.945791281614786,0.9496063351167315,0.9485119771400778,0.9463460603112841,0.9419078307392995,0.9498343263618678
7,0.9687304469913166,0.951020190150625,0.9550261724174768,0.9536069101286494,0.9551787812657377,0.9716986890899934,0.954614128527172,0.9553237596715857,0.9599096555618295,0.9601080470645689
8,0.9546862601477143,0.9584630409570897,0.9528856131355674,0.9601797595068059,0.9611411218946468,0.9591039492156505,0.9600882011841544,0.9542818775560032,0.9580357687847159,0.9626747237990599
9,0.9396630653726424,0.9479338338521638,0.9441570530427882,0.9509171091985595,0.9502838308002198,0.9407770249649027,0.9488646767991211,0.9450192272477568,0.9455075383018983,0.9432948788378197
10,0.9399099717708095,0.9394293125810635,0.9393224994277867,0.9372549019607843,0.938651102464332,0.9371938658731975,0.9382314793621729,0.9374837872892348,0.9405813687342642,0.9397268635080491
11,0.9535064697265625,0.9633941650390625,0.9512100219726562,0.952880859375,0.9577484130859375,0.9565811157226562,0.9663848876953125,0.9513931274414062,0.963897705078125,0.9615325927734375
12,0.9359207153320312,0.9442596435546875,0.945159912109375,0.9384689331054688,0.937652587890625,0.939727783203125,0.9425506591796875,0.9429931640625,0.9420166015625,0.9399337768554688
13,0.9380562043015677,0.9516493413319902,0.9408648929187464,0.947940040603868,0.9473370884278978,0.9400482361740776,0.9494970310329564,0.9440857260612723,0.9507716261391218,0.952572850361008
14,0.938011126987505,0.9389763779527559,0.938094731401818,0.9467287872799682,0.9454671206639711,0.9376311069224456,0.9386039582889977,0.9371750828443742,0.9524822910649682,0.9458851427355364
15,0.9522545204852368,0.9510490577553978,0.9521248187991149,0.9419546807049668,0.9404211490043488,0.9516136415655757,0.9487602044708934,0.9493553063248646,0.9585564965285724,0.9531700617990386
16,0.9394841724311696,0.9304823858170322,0.9299555636996656,0.9346664223433658,0.9352008795638829,0.9404920060470017,0.9316658268053202,0.9327729167621054,0.9419732160581491,0.9374532349932048
17,0.9436835493458345,0.9332429451236327,0.9373946747556454,0.9492370622299843,0.9488157612525661,0.9454606734687623,0.9348898489444496,0.9380917363728283,0.9434231087416123,0.9473909979471152
18,0.9341268024719616,0.9328145265888457,0.9286106660563058,0.935408560311284,0.9339589532310978,0.9358815899900816,0.9342488746471351,0.9317158770122835,0.9415274280918593,0.9487754634927901
19,0.9609561752988048,0.9596690162427215,0.9625344774747165,0.9666641127796507,0.9672540606803556,0.9607646337726019,0.9621513944223109,0.9622893043211769,0.9675911737664726,0.9640974563285319
20,0.93938583759835,0.9492857688488275,0.9504239553891987,0.9501871514781147,0.950026735925445,0.9401038881674433,0.9472767550225345,0.9512260331525476,0.9515239477503628,0.9519211672141163
21,0.9456244754711223,0.9440680552376592,0.9425497825589378,0.9413290608072021,0.9424811169604027,0.9439383535515373,0.9413977264057375,0.9432593270771342,0.9357289997711147,0.9454337376974136
22,0.9342332168419126,0.948044317609535,0.9433515955255085,0.9523326262456697,0.9528896485418225,0.9343247821508691,0.949829841134189,0.9428937689807255,0.9545073023333892,0.9507454942237551
23,0.9368259803921568,0.9314797794117646,0.9409620098039215,0.9339154411764705,0.9359911151960785,0.9390165441176471,0.9341911764705882,0.9409620098039216,0.9416207107843136,0.9386029411764705
24,0.935943603515625,0.9500350952148438,0.9512710571289062,0.939544677734375,0.9415359497070312,0.9384689331054688,0.9505615234375,0.953338623046875,0.93951416015625,0.9375457763671875
25,0.9497557997557998,0.9518543956043957,0.9580433455433455,0.9521901709401709,0.9553266178266179,0.95,0.9570512820512821,0.9592261904761905,0.9472069597069598,0.9471764346764346
26,0.9526333527375226,0.9477082631208065,0.9555056833849076,0.9505959128649775,0.9528784582860994,0.952166120285548,0.9461074175066638,0.9532690952541437,0.9547627071907839,0.9525720763503785
27,0.9501190185546875,0.9474029541015625,0.9566879272460938,0.9557876586914062,0.9575729370117188,0.9558181762695312,0.9476242065429688,0.9582672119140625,0.9610443115234375,0.9626922607421875
28,0.9398260471503777,0.9403906309605554,0.9467612726024262,0.9398641947051193,0.9384603646906232,0.9413366903181506,0.9392080567635614,0.9456702525368124,0.9418783855954832,0.9444266422522316
29,0.9131227588311589,0.9391317616540781,0.9373311970702677,0.9217288471808956,0.9262684061951628,0.9191424429694057,0.941390096894789,0.9381857022964828,0.9414816510261692,0.9384451056687266
30,0.9335317006179904,0.9284428168154422,0.9231937132829785,0.9163195239185168,0.9173113603418022,0.9329289692530709,0.9313191424429693,0.924910353246357,0.9277485313191425,0.9263447013046464
31,0.9522044180275132,0.9524035662857318,0.9585465240969393,0.9449584852477096,0.949891234412819,0.9545941971261375,0.95103250712338,0.9600937528723306,0.9526793100278808,0.9528631391893134
32,0.9369267630137196,0.9416118546553328,0.9334243899461291,0.9382010468966991,0.9383078730904819,0.9385291559204602,0.9419628550063334,0.9345079127687824,0.935064935064935,0.9386512429990691
33,0.9278367820301533,0.9281648660196545,0.9193142281633401,0.9285539888909236,0.9324681071842762,0.9323841787218459,0.9317737899041689,0.9201611426478667,0.9273026918146859,0.9305835317096991
34,0.9433198380566801,0.9461462073180047,0.9430219234588648,0.9464135665724543,0.9475211977694599,0.947505920097777,0.9486975784890384,0.9459475975861279,0.9505920097777099,0.9463753723932472
35,0.9448013795839884,0.9416118546553329,0.9545988676423459,0.9508141682054727,0.9522486913791259,0.9447174447174449,0.943412639064813,0.9557129122346514,0.9569643047903917,0.9562165214339127
36,0.9357718366599523,0.9433406579991455,0.9464231215284137,0.9459653299151559,0.946163706280901,0.9392129036196056,0.9457822132698528,0.950596655069279,0.9482390282610024,0.9524964902642984
37,0.9385444168052864,0.9431379431379432,0.9405130709478535,0.9297541471454513,0.9295557556427122,0.936842828147176,0.9406122666992232,0.938048438048438,0.9374914157522852,0.9412303325346805
38,0.9375765931372548,0.9389935661764706,0.9431525735294118,0.9441482843137255,0.9466299019607842,0.9380821078431373,0.9450061274509803,0.9473958333333333,0.9423713235294117,0.9431372549019608
39,0.9281230048946584,0.9289058462286808,0.9384975526707809,0.9278949928556227,0.9310339585930137,0.9296658863587997,0.9320752135712765,0.9390751831696714,0.9239351837777035,0.9269449426929742
40,0.938423645320197,0.9418673599708083,0.9378230858115916,0.9341361065498996,0.9342501368363437,0.9394119078027123,0.9415480751687647,0.9358845709420422,0.9363863042023961,0.9356108982545764
41,0.9667689395674008,0.9549846590648899,0.9491841064859338,0.9530842148646793,0.9566179725542275,0.9703103295629742,0.958029949168842,0.9511074476042192,0.9642960724153196,0.9615331776342905
42,0.9453660323225541,0.9522410609367131,0.9508523204175379,0.9514169731561035,0.9533016924321271,0.9471744471744471,0.9515772124467776,0.951478016695408,0.9413066369588109,0.9495780365345583
43,0.9396459961679997,0.9309783765700557,0.9362169642042517,0.9431814725829507,0.9465268696207537,0.9397980596697182,0.9319972020315683,0.9383762659286519,0.9474468538061495,0.9456068854353579
44,0.947765617875057,0.9439048487612098,0.9563003495972032,0.9496200030399756,0.9506079951360391,0.9483660130718954,0.9432436540507676,0.9561407508739931,0.9551603587171302,0.9581471348229214
45,0.9496124031007752,0.9560825245681499,0.9470182506256486,0.9452786424952694,0.9450878959897453,0.948277177562107,0.9545031435024111,0.9471555881096257,0.9506958432521516,0.9495589940792285
46,0.9723566898495665,0.9648886301663654,0.9763779527559056,0.9670333037164129,0.966160115199608,0.973942216366923,0.966749900425871,0.9771592266919942,0.9629737430681087,0.9700664848800514
47,0.9614157968626014,0.9506195446499419,0.9654062137581639,0.9545184032228531,0.9544802539217482,0.9607519990233779,0.947704938045535,0.9635750473051333,0.9592718061405117,0.9604925837758653
48,0.9361247270450623,0.9401331561989401,0.9333073739826225,0.9401560615083909,0.9435307771007987,0.9362163482828652,0.9439736130835128,0.9372394521049979,0.9484477835295556,0.9438132759173575
49,0.9570772058823529,0.9548560049019608,0.9565410539215686,0.9479013480392157,0.9507812499999999,0.9570618872549019,0.9525122549019608,0.9563112745098039,0.951455269607843,0.9540594362745097
50,0.9407738095238095,0.938087606837607,0.9403235653235654,0.9392933455433455,0.9448565323565324,0.9395680708180708,0.9398809523809524,0.9386523199023199,0.9473901098901099,0.9475961538461539
51,0.9405746459960938,0.9331817626953125,0.9217987060546875,0.9277191162109375,0.9280548095703125,0.943084716796875,0.936065673828125,0.925018310546875,0.9338226318359375,0.930450439453125
52,0.9470596313476562,0.9443893432617188,0.9528656005859375,0.9552688598632812,0.9565353393554688,0.95025634765625,0.9470367431640625,0.9531097412109375,0.9573974609375,0.9571380615234375
53,0.9535667963683527,0.9575951781490806,0.9494010833905546,0.9431219958800641,0.9450141145952544,0.9520408941786831,0.9604715037766078,0.953131914244297,0.9525444419012741,0.9536430914778362
54,0.9360018333206019,0.9379573752960049,0.9367809945764265,0.9349323963028033,0.9340157360018333,0.9347490642426095,0.9361622488732717,0.9369261324574135,0.9364143304560385,0.9365671071728668
55,0.9553663727576771,0.9661295226512618,0.9647765278200061,0.9628458498023715,0.967870173304956,0.9601094557616296,0.9683034356947401,0.9662359379750685,0.9675585284280938,0.9665855883247187
56,0.9474760422389061,0.9414942318256729,0.9433635475798083,0.943027833730086,0.9435924433864371,0.9422953671488737,0.9399758896417016,0.9417231276323018,0.948467924067631,0.9497497405847524
57,0.9506920811268638,0.9712027103331452,0.9639461595983334,0.9724693637737115,0.9714545149327758,0.9551406290536725,0.9721336243075374,0.9654798785233568,0.9642895295069208,0.9686999252216644
58,0.9346456092164492,0.945334554055085,0.9377431906614785,0.9509040970473791,0.9510643167772945,0.9365300984206912,0.9498435950255588,0.9417563134203097,0.9458152132448311,0.9528953994048981
59,0.9471046005951018,0.9484092469672694,0.9532768749523155,0.9468833447775997,0.9485542076752881,0.9494850080109865,0.945464255741207,0.9517204547188525,0.9533836881055924,0.9442435339894713
60,0.9478860294117647,0.9446155024509805,0.9435661764705883,0.9431142769607843,0.947610294117647,0.9492876838235293,0.9505055147058825,0.9457337622549019,0.960171568627451,0.956609987745098
61,0.9397775132759568,0.9332539827870352,0.9406854666422511,0.9369544649942013,0.9380379051455778,0.9394494292864555,0.9364890435207226,0.9405633888787157,0.9437374107306354,0.9471708478300678
62,0.9583428702220188,0.9538719768062867,0.9547722590981917,0.9484550240329594,0.9549248493171587,0.9585412375066757,0.9519645990691996,0.9556343938353551,0.961852445258259,0.960189211871519
63,0.948479252827079,0.945800967540098,0.9415584415584416,0.9430997909258779,0.943565247913074,0.9511041250171685,0.9441299006516398,0.9445343140995314,0.9518213866039952,0.9453584018801411
64,0.9517527731813445,0.9352439173867745,0.9413495127780842,0.9386529386529386,0.9373123123123124,0.9521358092786664,0.9380017772874916,0.9419010847582276,0.9485046270760557,0.9404149047006191
65,0.9243346761887323,0.9243117866080696,0.931003174021852,0.9350775193798448,0.932368919001404,0.9227705548434353,0.9233122749191236,0.9285387291704815,0.9242660074467436,0.9252502594152476
66,0.967295568683122,0.9690738959869335,0.9655630352154599,0.9671810840927476,0.9662652073697547,0.9688296621941354,0.9694555112881805,0.9631435942055533,0.9750423592984384,0.973775396498298
67,0.9440053501945526,0.9475088156614786,0.9484435797665369,0.9448869163424125,0.9477596060311284,0.9447045233463035,0.9464752553501945,0.9495455374513618,0.9477140077821012,0.9419686284046692
68,0.9428189865689866,0.9415674603174603,0.9459172771672771,0.9475961538461538,0.9474282661782661,0.9447802197802199,0.9412164224664225,0.9478785103785103,0.9469474969474969,0.9451007326007326
69,0.9465909784532747,0.9571735945797474,0.9519471403283892,0.9409296221693219,0.9437679301715193,0.9468809131416712,0.9570820362570959,0.9503753891228712,0.9583714826344382,0.9500167856924862
70,0.9476551650464693,0.9517221908526258,0.9443282921543791,0.9573763486806965,0.9589176980481329,0.9532253880079968,0.9558197384284342,0.9493109710501014,0.9620461794374838,0.9525691699604744
71,0.9319232055452529,0.937327090870398,0.9407624722585353,0.9441598516401667,0.945983947952452,0.9327364484844799,0.9323868300246253,0.9367418599702064,0.9412792995470161,0.9373498920743015
72,0.949958037689784,0.9325627527275502,0.9506523231860837,0.9448844129091325,0.943953612573434,0.9459220263981079,0.9331883726253147,0.9486076142519265,0.9403677424277104,0.9404974441138323
73,0.9352987853262528,0.9317890496246108,0.9273866202771165,0.9259903558566808,0.927684184825734,0.9348715131538791,0.9300952206555576,0.9267838613196605,0.9303546359030702,0.9300647012146738
74,0.9434882124055849,0.9500572213321126,0.9435034714274814,0.949912260624094,0.9492256046387426,0.9426489662012664,0.9510795757991912,0.9440451667048142,0.9459830624856946,0.94960708018616
75,0.9674325980392157,0.9605085784313726,0.9621093749999999,0.959857536764706,0.9589613970588234,0.9654947916666666,0.9573452818627451,0.9627144607843137,0.9600949754901961,0.9602175245098038
76,0.9267145975485033,0.9357359832699853,0.9372319152508739,0.9429027186274062,0.9404909099235244,0.9326067377997588,0.9378730289569691,0.9370182106821755,0.9385599364992139,0.9365831692387537
77,0.9515059872922776,0.950727028347996,0.9515976295210166,0.9552327712609971,0.9577987536656891,0.9560193670576734,0.9513303396871945,0.9551029447702835,0.9622739491691106,0.9583333333333334
78,0.9386642156862746,0.947250306372549,0.9422181372549019,0.9447533700980393,0.9449295343137255,0.9410539215686274,0.9492493872549019,0.9417126225490196,0.946078431372549,0.9500153186274508
79,0.9583014185483624,0.9552988755782958,0.9615643861637919,0.9592665216458839,0.9608367290664543,0.9593584362266001,0.9522656944146574,0.9601703483562609,0.9516069732528571,0.9529090964796715
80,0.9529448592850489,0.9529601294913495,0.9533495197520118,0.9473941392948219,0.9476766381113809,0.9516163513369066,0.950723044268328,0.9517537831936109,0.9549528914135631,0.9528150625314948
81,0.947219043259327,0.9453040360112916,0.9432516975661861,0.938651102464332,0.9427786678873884,0.9496375982299535,0.9466544594491493,0.9442511635004197,0.9559624628061341,0.9549782558937971
82,0.9310497473706706,0.9324693562913099,0.9353238387446383,0.9454977026758865,0.9421471203309368,0.9319350948695639,0.9344995496939446,0.9379493520172184,0.9400863977042023,0.9346674604264933
83,0.940788569858497,0.9422997664514356,0.9307902489658225,0.9418723573140388,0.939468180916182,0.9387049503136878,0.9417655050296897,0.9300270183633284,0.936300773915831,0.9388346995161119
84,0.9527836504580691,0.9515580476146704,0.9529521708490364,0.9509529062107425,0.9476820786224224,0.9495817630296901,0.9473297178049452,0.9488004412170237,0.9550663357538989,0.9538254128749578
85,0.9409251148381582,0.9373388069040243,0.93610267523311,0.9403528316571795,0.9384833732659821,0.9399331573244617,0.9361789796572406,0.9338898469333252,0.9344544996718909,0.9330657591527158
86,0.9616036137775269,0.9541410410975629,0.9515009080226471,0.9560333908159996,0.9552550856898683,0.9579562623040884,0.9526988874814962,0.9520502998763868,0.9616646573168313,0.9622064187281578
87,0.9310589527980833,0.933859325163673,0.9407572451050712,0.9354693485128267,0.9336609336609337,0.9294260381216902,0.933554107467151,0.9374685244250462,0.9339356295878035,0.9298151906847558
88,0.9613031204699778,0.9626611734187838,0.9624856946669719,0.9609369039444571,0.9591287098496987,0.9599908445868619,0.9625848783093003,0.9598458838788434,0.9623254749370566,0.9615625238422216
89,0.9256791819291819,0.9341575091575092,0.9281288156288157,0.9138431013431013,0.9146367521367521,0.9284493284493284,0.9329441391941392,0.9278846153846154,0.9187881562881562,0.9186050061050061
90,0.9314685954953306,0.9340856375511201,0.9261124336202161,0.9295153512787644,0.9300494414942319,0.9294237929561131,0.9370689128975157,0.9290880791063909,0.9382286516511018,0.9359168040041504
91,0.9347789454333774,0.9404087135022519,0.9326572505285088,0.9279619473635834,0.9308649162045405,0.9375134042096879,0.9419789209228225,0.9362725573700175,0.9410980728576243,0.9471184778945434
92,0.913286638588781,0.9304614539461636,0.9077092107672589,0.9240676310809985,0.9224577305743759,0.9106848562534334,0.9270127571262893,0.9095937862418362,0.9059390831959959,0.9215497772080814
93,0.9464307513886344,0.9540911310504792,0.9440120856985901,0.9431422816334006,0.946163706280901,0.9462094854422268,0.9562046023316854,0.9452252334737227,0.952786424952695,0.9470869193676373
94,0.9392017704517706,0.9334859584859585,0.9335927960927961,0.9343101343101343,0.9382478632478632,0.9376907814407814,0.9405677655677656,0.9340811965811966,0.9391788766788767,0.9444368131868133
95,0.9438162813763636,0.9443961242084382,0.9465018692301823,0.9544518196383611,0.9557946135652705,0.9485084306095979,0.9489433127336538,0.9483634699015793,0.9532768749523155,0.9559319447623407
96,0.9426565957122148,0.9406118867780574,0.9461203936827649,0.9369802395666438,0.938956282902266,0.9419089036392767,0.9408560311284047,0.9463035019455253,0.9466392004272526,0.9451132982375829
97,0.9200220628792058,0.932126003554575,0.9123383587669303,0.9340488447631304,0.9380247594533309,0.9196696696696696,0.9329303793589508,0.917585953300239,0.9276368204939633,0.9322332536618251
98,0.9529773625803301,0.9564805910457785,0.9517027674741647,0.9544656622551937,0.9528934072140557,0.9539314008334479,0.9560760788264566,0.9498786463342035,0.9444062829143198,0.946604387049503
99,0.9200592041015625,0.9359664916992188,0.921630859375,0.9153213500976562,0.91412353515625,0.920440673828125,0.9357070922851562,0.9271163940429688,0.9341888427734375,0.92572021484375
100,0.9491583622018405,0.9424206815511164,0.9352022830283699,0.9447861186991622,0.9418941810246159,0.9461748592183374,0.938643612556656,0.9356295878035009,0.9490439055656448,0.9460375112549024
101,0.9605353518396996,0.9488226227356662,0.951470386252995,0.9503944938727549,0.958200436461306,0.958330153982328,0.9529049094266486,0.9577349794741099,0.9541868237520411,0.9515466906771255
102,0.94154232666442,0.9430895554398113,0.9434035969239253,0.9376359569839762,0.9365559606605595,0.9410750942124453,0.9406308404056497,0.9420708355035388,0.9423389196972948,0.9423542387940808
103,0.9418597579517118,0.9403697622088427,0.9372453323602749,0.9347138600012163,0.9404609864379978,0.9413732287295506,0.9413124125767804,0.9372985464939488,0.9333302925256949,0.9341285045308034
104,0.9600671396963454,0.9583123521782253,0.9616083009079118,0.9474174105439842,0.9563363088426032,0.9608148317692835,0.9631570916304264,0.9643625543602654,0.9656061646448463,0.9635919737544822
105,0.9512290076335879,0.9621068702290076,0.9525114503816794,0.9493053435114504,0.9508778625954198,0.9519236641221374,0.9594045801526718,0.9513740458015266,0.959206106870229,0.9568625954198473
106,0.9338419477028348,0.9253115835777126,0.9227150537634409,0.9354304130009775,0.933635752688172,0.9337579423264907,0.9248610092864126,0.9221957478005866,0.9448771994134898,0.93934811827957
107,0.9565270466163118,0.942595559624628,0.9314030670634013,0.9477378500038147,0.9498435950255588,0.9550926985580224,0.9432898451209277,0.9322499427786679,0.9446707866025787,0.9450980392156862
108,0.9496420448474301,0.9336142021950513,0.9477950267893941,0.9448794858878661,0.9466120193555281,0.9481003190303918,0.9349803849735159,0.9450626612324649,0.9453526888614127,0.9458258918349588
109,0.9501113891601562,0.957061767578125,0.9554443359375,0.9589080810546875,0.956939697265625,0.9501190185546875,0.953582763671875,0.9546737670898438,0.94598388671875,0.9450912475585938
110,0.9301533479960898,0.9441669721407624,0.9383095063538612,0.9317647238514174,0.9380804007820138,0.9310468597262951,0.9456637952101661,0.939424486803519,0.9387371700879765,0.943746945259042
111,0.9437374107306353,0.9545870719648416,0.9599661234206189,0.9612326802172985,0.9608511872062503,0.9445385460538362,0.9561359335896966,0.9604620643349814,0.9577916132576452,0.9499175975096136
112,0.9624694749694749,0.963003663003663,0.9583409645909645,0.9561584249084248,0.9592948717948717,0.9619047619047618,0.9625228937728938,0.9583409645909645,0.9609432234432234,0.9606837606837607
113,0.9388161508881158,0.9271348348898248,0.9444927668925107,0.9427531587621315,0.9424403344930721,0.9401818958676678,0.9295916498809742,0.9443554294085332,0.9402581944698774,0.9436687419886469
114,0.9570406092145223,0.9640453553497033,0.954781998260259,0.9546904329513025,0.9606345475910693,0.9603598516641997,0.9664565751522274,0.959703633616677,0.9602301341431777,0.9627558105818975
115,0.9542055789537937,0.9565403161814076,0.9439052676554965,0.9593175853018373,0.960896966367576,0.9544344747604225,0.9573872306659342,0.9513138619300494,0.9592870658609535,0.9602026490874687
116,0.9490057533535794,0.9452286843591191,0.9593526332656768,0.9416881590794635,0.9463732507210769,0.9496085583042105,0.9474644039861432,0.9651136172875303,0.9439620309185526,0.9421612465090726
117,0.9609503753891229,0.9574864188488067,0.9480101324543734,0.959157358237197,0.9572727827626197,0.9612708295184033,0.956074894707929,0.9527864249526949,0.9519166208875053,0.9490783128853079
118,0.9456701599558742,0.9590994055279769,0.9535760250045963,0.9466354109211252,0.9496460746460748,0.9519596126738984,0.9608230679659251,0.9564104921247779,0.9555065269350984,0.9572991358705645
119,0.9473342895507812,0.939605712890625,0.9454574584960938,0.9439239501953125,0.9445266723632812,0.949127197265625,0.9407501220703125,0.9451751708984375,0.952392578125,0.9515838623046875
120,0.9349206349206349,0.9342948717948719,0.9349740537240538,0.9311660561660562,0.9323870573870574,0.9375610500610502,0.9304716117216117,0.9364468864468865,0.9518772893772894,0.9487026862026863
121,0.94561767578125,0.9489669799804688,0.9426116943359375,0.9501953125,0.952056884765625,0.9474868774414062,0.9497833251953125,0.9455337524414062,0.94287109375,0.9494476318359375
122,0.93408203125,0.9322433471679688,0.9392013549804688,0.9323959350585938,0.9324188232421875,0.9342803955078125,0.932952880859375,0.9393386840820312,0.9376678466796875,0.93426513671875
123,0.9394760131835938,0.9434356689453125,0.9356231689453125,0.9379348754882812,0.9352340698242188,0.9357147216796875,0.9387054443359375,0.932220458984375,0.9428253173828125,0.9382476806640625
124,0.9610589761196306,0.9599755855649652,0.9536507209887846,0.9639429312581063,0.9644846265354391,0.965270466163119,0.9618219272144656,0.9535210193026626,0.9643854428931106,0.9699015793087663
125,0.9579461356527046,0.9470130464637218,0.9502250705729762,0.9518883039597161,0.9526207370107576,0.9569085221637293,0.9463950560769055,0.9488059815365834,0.9524223697261005,0.9468528267338063
126,0.9399038461538463,0.9397588522588524,0.9439713064713064,0.9388583638583639,0.9439102564102564,0.9433302808302808,0.9426663614163615,0.9481990231990232,0.9463064713064714,0.941056166056166
127,0.9337633587786259,0.9333129770992366,0.9255343511450381,0.9355954198473282,0.9340610687022899,0.9363206106870229,0.9366030534351144,0.9284503816793893,0.9396641221374046,0.9409236641221373
128,0.9303959131545337,0.922322568874293,0.9269141884084413,0.9355196740254211,0.9330642218573253,0.9286702548196801,0.9196618621905979,0.924390318068479,0.9391382351152466,0.9409627196983519
129,0.9499236874236874,0.9544566544566545,0.95254884004884,0.9461462148962148,0.9487484737484736,0.9532051282051281,0.9542887667887667,0.9562576312576313,0.9514194139194139,0.9550595238095237
130,0.9278564453125,0.925628662109375,0.9296417236328125,0.9214630126953125,0.9224166870117188,0.927001953125,0.924407958984375,0.928466796875,0.923736572265625,0.9245452880859375
131,0.9460601806640625,0.9473419189453125,0.9460906982421875,0.9454345703125,0.9448394775390625,0.9437408447265625,0.9464492797851562,0.9443435668945312,0.95599365234375,0.9482803344726562
132,0.9281675583657587,0.94575328307393,0.9460572714007782,0.9477672057392996,0.9491503526264592,0.9300142874513618,0.9433897738326849,0.9442257417315176,0.9384271643968871,0.9377583900778209
133,0.963666605627785,0.9583333333333334,0.9583485930537753,0.959760117194653,0.9629341390465727,0.9634911188427027,0.9559985961057194,0.9615455044863578,0.9594091436244888,0.964391442348776
134,0.9311741817349509,0.9215075913633936,0.9228580148012513,0.925612268253605,0.9239948119325552,0.9337453269245443,0.9201419089036393,0.9250782024872205,0.9292133974212253,0.9257648584725718
135,0.9532632827468751,0.949393266628144,0.946040266415255,0.9498114412578693,0.95193272710684,0.9526246160396582,0.9526170128645722,0.9459490283142239,0.951552568352544,0.9497886317326114
136,0.944820850882012,0.9421656595251175,0.9380989440273454,0.9401132271256791,0.9379692364035891,0.9436382225477629,0.9419138741378259,0.9379310871024843,0.9481016907770249,0.9461179271195752
137,0.937999696002432,0.9531387748898009,0.9445660434716522,0.9491564067487459,0.9488600091199272,0.9384404924760603,0.9464280285757714,0.9447940416476669,0.9478340173278614,0.9462684298525611
138,0.9539161362213979,0.9631130649814535,0.9561371372746562,0.9446581490131428,0.946741768557952,0.9536337408984751,0.9635023125887255,0.95563340507701,0.9414907420127917,0.9469707377387003
139,0.936355896126011,0.909186279875935,0.9385376756066411,0.933170650124673,0.9332998844493097,0.9351927872042813,0.9071489387581342,0.9349723286504896,0.9350635528796448,0.9306847898801922
140,0.958295323237852,0.9585005777534513,0.9566532871130572,0.9509669768290457,0.952928297755884,0.9588730766891685,0.9598613391716839,0.9580292525694825,0.9527306452593809,0.9571702244116037
141,0.9529876708984375,0.9559326171875,0.9495086669921875,0.9517364501953125,0.9541091918945312,0.9526596069335938,0.9571685791015625,0.95068359375,0.9495849609375,0.9561691284179688
142,0.9691920347905699,0.9659037155718317,0.9664530403601128,0.9585717555504691,0.9630502784771496,0.9721751735713741,0.9687418936446174,0.969039444571603,0.9667353322652018,0.9734950789654383
143,0.96240177004654,0.9617837796597238,0.963210498207065,0.9631189440756847,0.9596932936598764,0.9608987563897153,0.9645532921339741,0.9631799801632716,0.9672083619439994,0.9661097123674371
144,0.9491374045801526,0.9482824427480916,0.9509618320610687,0.9507022900763357,0.9516641221374045,0.9498167938931298,0.9502748091603054,0.9505343511450381,0.9430076335877862,0.9505648854961832
145,0.9590168937995025,0.9619393532437011,0.9490591664504707,0.954621758969585,0.9524165611122133,0.9572008485051964,0.9587650891998718,0.9469836861141208,0.9598638729073511,0.9502113632548415
146,0.9565575646601052,0.9581902800030517,0.9558098725871671,0.9450675211718929,0.9428244449530785,0.9533607995727474,0.9589150835431448,0.9551003280689707,0.9482871747920958,0.9480430304417488
147,0.9500183840426509,0.9581533229157092,0.9554416766246898,0.9521708490363696,0.9534424119863959,0.9468930967919845,0.9547446150075067,0.9526151300671016,0.9571498605876765,0.9517112479700952
148,0.9512782709143968,0.9523574294747083,0.9537253769455254,0.9547513375486381,0.956955252918288,0.956073686770428,0.95444734922179,0.9609375000000001,0.9535353842412452,0.9547057392996108
149,0.9513397216796875,0.950408935546875,0.94879150390625,0.9494781494140625,0.9531707763671875,0.953765869140625,0.9529266357421875,0.9536361694335938,0.9535980224609375,0.950286865234375
150,0.9345314115429059,0.9386593079121816,0.9424831235176062,0.950944170771757,0.9510810071154899,0.9392978775162684,0.9405674147053457,0.9456455634616553,0.950191570881226,0.9532323785197349
151,0.9303113553113553,0.9404532967032968,0.9228021978021977,0.935515873015873,0.9372405372405372,0.9389804639804641,0.9414606227106227,0.9263507326007326,0.9393620268620269,0.944078144078144
152,0.9280448717948718,0.9255570818070818,0.9304487179487179,0.9407814407814408,0.9409569597069598,0.9302655677655678,0.927014652014652,0.931043956043956,0.9331959706959707,0.9293879731379732
153,0.9302662699320974,0.9261463340199892,0.9260929274433509,0.9385519188220034,0.9380636301213092,0.9294804303044175,0.9208438239108873,0.9217746242465857,0.9428854810406654,0.936919203479057
154,0.9419470511940184,0.9393987945372702,0.9408484016174563,0.9384908827344167,0.9384908827344167,0.9395513847562371,0.9401007095445182,0.93676661326009,0.9387197680628672,0.934859235523003
155,0.9313138375486382,0.9305234678988327,0.934110530155642,0.934657709143969,0.9333961575875486,0.933669747081712,0.9307362597276265,0.9326969844357977,0.939339129377432,0.9435189688715954
156,0.9276404151404152,0.9336233211233211,0.9332570207570208,0.9378357753357753,0.9392628205128205,0.927876984126984,0.9351648351648353,0.9313644688644688,0.9377442002442002,0.9443986568986569
157,0.9645058902520907,0.96926692302997,0.967153451748764,0.963460599401819,0.9617972898736494,0.961682841970335,0.9698849417078679,0.965009461026674,0.9552890191051701,0.9569294390526766
158,0.9493758774339254,0.9547701886101447,0.9452023438930598,0.9514283098333639,0.9522599645974485,0.9512833424891657,0.9557697002990905,0.9472318867118354,0.9539919428676066,0.9567386925471527
159,0.9455329213397421,0.9424658579385061,0.9271992065308614,0.9422369726100558,0.9415579461356528,0.9439230945296406,0.9424734874494546,0.9293583581292439,0.9381704432745861,0.9389944304570077
160,0.9468844903627511,0.9339127382605643,0.9326689761472371,0.9393990263555481,0.9476704259312955,0.9513788209440384,0.9411082454560714,0.942649594823508,0.9515009080226471,0.9502724067941458
161,0.9455815018315017,0.9488476800976801,0.9499771062271062,0.9522359584859584,0.9532051282051281,0.9491147741147741,0.9496336996336997,0.9503052503052503,0.9592490842490842,0.949587912087912
162,0.9384832532234684,0.9414511329823758,0.9510795757991912,0.943274586099031,0.9447470817120622,0.9377584496833753,0.9413977264057374,0.9481269550621805,0.9386892500190738,0.9322652018005645
163,0.9536553724053725,0.9514804639804639,0.9590583028083027,0.959333028083028,0.9615918803418804,0.9536630036630037,0.952785409035409,0.9621947496947497,0.9521214896214896,0.9543116605616605
164,0.933124275163279,0.9433711774400293,0.9359320637245925,0.9439205273759385,0.9442715009461027,0.9347875846914484,0.9454693890007935,0.9376030031129831,0.9365195629616065,0.9414179332234633
165,0.9255265567765568,0.9242902930402931,0.9276709401709402,0.9232600732600733,0.9248778998778999,0.9256410256410256,0.9254273504273505,0.9271825396825396,0.9291361416361417,0.9271367521367521
166,0.9454159799792468,0.9547625587499238,0.9539766831471648,0.9502990905206616,0.9511688945858513,0.9449581883659891,0.9533052554477203,0.954121650491363,0.9602636879692364,0.9507416224134775
167,0.9552212605516631,0.9454595411457618,0.9545038237853184,0.9543435453587947,0.9563966356795043,0.9567782509807513,0.9497641617438293,0.9563661064554045,0.9391552563691592,0.9439865060829479
168,0.9416405962458595,0.9331063673168936,0.9437032265979635,0.9422846889952153,0.9414412342043921,0.9432508281192491,0.9309440559440558,0.944331983805668,0.9401300453932033,0.9457121825542877
169,0.950245681499115,0.9530458402002074,0.9558078496001953,0.9528398339742414,0.9505890252090582,0.946163706280901,0.9538698651040713,0.9526719770493804,0.9578068729780871,0.9550296038576574
170,0.9328749980923894,0.9492117752987318,0.9499137760007326,0.9408945930685061,0.9398950051123963,0.9354846093976529,0.9518519083736475,0.950890472629603,0.9389564606955911,0.9418255070428984
171,0.9315632867933165,0.9308613717860685,0.9300679026474403,0.9318303196765089,0.9333562218661784,0.9298771648737316,0.9304875257495995,0.9287403677424279,0.930739299610895,0.9299763485160601
172,0.9460416285173655,0.951580907037783,0.9503448696819875,0.9523362631996581,0.9530000610388817,0.9449047793444425,0.9532976255874993,0.9472318867118353,0.9589971311725569,0.9544344747604223
173,0.9485213330891779,0.9365577122627113,0.9421885491057804,0.9359396935848135,0.9386025148019288,0.9421351400842337,0.9366797900262467,0.9423335164499786,0.958432521516206,0.9478727949703961
174,0.9596929864877287,0.9590265649416305,0.9604513282470815,0.969612709501486,0.9681802861782639,0.9599993871985784,0.9596010662744737,0.9599993871985782,0.9601985476606306,0.9623280326010356
175,0.9636790941138766,0.9596196987501335,0.9561249561249561,0.9477619912402521,0.951180429441299,0.9634120286294199,0.9612602438689395,0.9553466509988249,0.9506462984723854,0.951767973507104
176,0.9496734419825428,0.9510925959836416,0.955121162180309,0.9499328572300556,0.9489562351217726,0.9503982787035341,0.9499633766709396,0.956067264847708,0.9493987670145884,0.9462857840444363
177,0.9330352373830635,0.9436568132220307,0.9410929845712455,0.9389564606955914,0.9409098539533323,0.9348741740046088,0.9443893356936836,0.93997893997894,0.9361484578875884,0.9439620309185526
178,0.9385904657233137,0.9417884019477645,0.9387278472317626,0.9358581001663842,0.9405672329837739,0.9418952542321137,0.9411396559356443,0.9420402680465877,0.9399337515837034,0.9406206591259482
179,0.9247848379417689,0.9284471708478301,0.9322086919367637,0.9294466825367759,0.9309955441616308,0.9294085332356711,0.9367255691875725,0.9327580418726729,0.922404321552829,0.928859183299762
180,0.9431381225585938,0.947052001953125,0.9505844116210938,0.9520339965820312,0.9529876708984375,0.944061279296875,0.94549560546875,0.9487991333007812,0.950714111328125,0.9529876708984375
181,0.9392385748073547,0.9485923552300297,0.9372091248950941,0.9409933623254748,0.9403677424277103,0.9454032196536202,0.9479667353322653,0.9398641947051194,0.9468833447775996,0.9450980392156862
182,0.9619178921568627,0.957483149509804,0.956985294117647,0.9548636642156861,0.9548406862745097,0.9562040441176469,0.9567248774509803,0.9561427696078431,0.9574295343137255,0.9559895833333334
183,0.927478178599768,0.9324909967649393,0.9246627601782335,0.9323002502594152,0.9330098272599647,0.9276460355246292,0.9326817432704634,0.9267838613196607,0.9257156808887261,0.9252197399743637
184,0.9563548759727627,0.9513010700389106,0.950875486381323,0.9367856274319066,0.9429641901750972,0.9586879863813229,0.9508526872568093,0.9518558487354085,0.9532617947470817,0.9499331225680934
185,0.954383154039826,0.9367055771725032,0.9343404287785153,0.9489509422446021,0.9523079270618753,0.9527656977187762,0.9383916990920882,0.9405050736247806,0.939681086442359,0.9337300679026473
186,0.9098649576562142,0.9345845731288625,0.9281452658884566,0.9313344014648661,0.9336232547493706,0.9123064011596858,0.9333791103990234,0.9267795834287021,0.922896162355993,0.9263294422827497
187,0.945267175572519,0.9295267175572519,0.9496412213740458,0.944969465648855,0.9469465648854962,0.9443511450381679,0.9341984732824429,0.9521068702290075,0.9418015267175572,0.9401145038167938
188,0.9641876220703125,0.9547195434570312,0.9518814086914062,0.9626998901367188,0.9617767333984375,0.9658432006835938,0.9560928344726562,0.9540328979492188,0.9571990966796875,0.952667236328125
189,0.9224806201550387,0.9188793261307454,0.9335820667765368,0.9188106573887568,0.9193752670451079,0.9258682780931453,0.9205731550997986,0.9345968381859244,0.9338185924433864,0.9250442531892815
190,0.9473492217898833,0.954599343385214,0.9514834630350195,0.9527450145914398,0.9554733098249028,0.9493707441634242,0.9561344844357977,0.9542725559338522,0.9610134970817121,0.9629742217898833
191,0.9547446150075068,0.9550893158072127,0.9425958268223182,0.9492983423721544,0.9515886876857554,0.9545760946165396,0.9540169133192389,0.947314397769403,0.95414713362135,0.9591721052792843
192,0.9392385748073548,0.934882124055848,0.9399557488364996,0.9404287785152973,0.9387655451285573,0.9402075226977951,0.9328679331654841,0.9371099412527657,0.9408560311284047,0.9414511329823758
193,0.9497719671632715,0.9548723016114321,0.944968075402858,0.951862268166616,0.9516722408026757,0.9467467315293402,0.9518850714502889,0.9409318941927638,0.9452265126178169,0.9532532684706597
194,0.9538796063172351,0.9574425879301136,0.9547875181200884,0.9598229953459985,0.959288929579614,0.9535515373464561,0.9577935454337377,0.9546578164339666,0.9567406729228657,0.9512321660181582
195,0.9464569091796875,0.93133544921875,0.9377975463867188,0.9221038818359375,0.916290283203125,0.9439697265625,0.9333724975585938,0.938262939453125,0.9357147216796875,0.9367523193359375
196,0.9403857348570728,0.938447869113637,0.9442384876987653,0.9372453200159317,0.9409219032445847,0.9427448757621251,0.9389687184043629,0.9415270075676339,0.9521890989307271,0.9419865804712153
197,0.9477238390281868,0.9384604819387428,0.9399102659972225,0.9284646023776459,0.9320738016390191,0.9516992995253865,0.9426343339386817,0.9462816854121202,0.9408182886443757,0.9428937689807255
198,0.9267170329670329,0.9291208791208792,0.9286019536019537,0.9257249694749694,0.9265338827838828,0.9274725274725274,0.9298458485958485,0.9318299755799755,0.9232600732600733,0.9312499999999999
199,0.9464885496183206,0.9379923664122137,0.9375419847328245,0.9485190839694657,0.945854961832061,0.9458778625954198,0.9382519083969466,0.9380763358778624,0.9345496183206107,0.930412213740458
200,0.9202069218091924,0.9254715253616553,0.9273332112555698,0.9241057803821034,0.9307742782152231,0.9239608130379051,0.9269974974058476,0.9288134041384362,0.9234572422633216,0.9241134102423243
201,0.9568116959421308,0.9537900407465626,0.9548430417995635,0.9516840386405603,0.954766737375433,0.9594747203442856,0.9573610877958705,0.955041433302303,0.9533627359714316,0.949654340958689
202,0.9749915693307579,0.9642462981697782,0.966292651522119,0.9704696649192188,0.9684309758116434,0.9729452159784175,0.9661163738925166,0.9670514117538856,0.968346669119225,0.9768386523192004
203,0.9582614800006105,0.9552093030353899,0.9566972393059349,0.9560333908159995,0.9580707189402842,0.9643353121613991,0.9598638729073512,0.9602835472400689,0.9672959238176629,0.9686770338944252
204,0.9602307271400778,0.9562560797665371,0.9541889591439688,0.9553973127431907,0.9608691026264591,0.9615302772373542,0.9593643604085603,0.9541661600194553,0.9554961089494163,0.9549109314202335
205,0.9308766308079651,0.9420843823910887,0.9338139925230793,0.9413748378728923,0.9398947127489127,0.9292133974212252,0.9386739909971769,0.9329671168078126,0.9379720759899289,0.9375371938658732
206,0.9379539766831472,0.9406396874809254,0.9308963559787585,0.9378776780809376,0.9359244338643715,0.9385185863394983,0.9390679362754075,0.9301409998168834,0.9312396996887017,0.9309726545809681
207,0.9381171120301556,0.9429013994231387,0.952500495978757,0.9534390403955622,0.9543928456971935,0.9436720741068567,0.9459001632914676,0.9530346269476705,0.9555755642712164,0.9546751720664765
208,0.9415441176470587,0.9535079656862745,0.949203431372549,0.9377680759803921,0.9395833333333332,0.9442095588235293,0.9530177696078431,0.9517999387254901,0.9479932598039216,0.9604932598039215
209,0.9482301562978855,0.9512182041066503,0.9533021759117377,0.9495019920318725,0.950858106037389,0.9502681581366841,0.9501532332209625,0.9530186944529574,0.9511186025130248,0.9555010726325468
210,0.9465430402930403,0.9462301587301588,0.9381562881562882,0.9361034798534799,0.9374618437118437,0.9446275946275946,0.9456807081807082,0.9392246642246642,0.9397588522588524,0.944993894993895
211,0.9456198195722854,0.9467341362519271,0.9404222191692997,0.9451847781288639,0.9444062829143198,0.9413991543404924,0.9465433286013035,0.9415975942971408,0.9468333562302514,0.9432767016226283
212,0.9379281869341816,0.9487093222412529,0.9397938585759725,0.9495809885001225,0.9482352581355519,0.9362001468069489,0.9466372033276244,0.9427605823342305,0.9497339124051871,0.9507202715928553
213,0.924016054450837,0.9400705052878966,0.9271369053977749,0.9298762342240603,0.9312039312039312,0.9269614052222748,0.9391090695438521,0.9276634059242757,0.9238024020632717,0.9269079921253836
214,0.944183349609375,0.9449920654296875,0.9427871704101562,0.951507568359375,0.9524459838867188,0.94586181640625,0.9462814331054688,0.9430465698242188,0.9557647705078125,0.9525985717773438
215,0.9522980873441103,0.9503060554716001,0.9444215475263696,0.9506876707728473,0.9515653859657157,0.9526720703393323,0.9515882828837905,0.9442231075697212,0.9522217642838607,0.9498557494161286
216,0.9544793039002422,0.9598180091301817,0.9540963264805907,0.9486810257667209,0.9519516529305432,0.9564018505468918,0.962759275713104,0.9526869695762739,0.9543031342872024,0.9551993014491866
217,0.9279999999999999,0.9245190839694655,0.9232137404580152,0.9261679389312977,0.9270687022900763,0.9293969465648855,0.9268320610687022,0.9248931297709924,0.9219541984732824,0.9229770992366412
218,0.9173253676470587,0.9388939950980393,0.9248544730392158,0.9240732230392156,0.926577818627451,0.9160998774509804,0.9390088848039215,0.9283394607843137,0.9209252450980391,0.9229166666666667
219,0.9499015432522782,0.9522980873441101,0.9547633221901666,0.9514890629054662,0.9539619300575475,0.9478331883195189,0.9569080001831753,0.9536261085924501,0.9495657217871808,0.950741096915022
220,0.9508784784234708,0.9475965868327456,0.9477339683411947,0.9332096899757292,0.9412159789958938,0.9546641022118423,0.9503900108378747,0.9497412648257545,0.933095205385355,0.948191906702691
221,0.9556094732344503,0.9571507049990845,0.9606146615394007,0.9555713239333457,0.9569981077946652,0.9596075199902339,0.9603018372703411,0.9594320332051516,0.9547854483305867,0.9568760300311299
222,0.9520081792101569,0.9577763535372033,0.9529848013184399,0.9530610999206494,0.954709149728377,0.9580433986449368,0.9538164560825245,0.9549914545565527,0.9570133675151072,0.9577992431178661
223,0.9370385122093201,0.9422853028585434,0.9325653359477926,0.9381414871779159,0.9401023315665308,0.9407610527283312,0.9437023193112533,0.934970434143203,0.9441312540212631,0.9434801924078556
224,0.9340565054850768,0.9279432493718208,0.9266409266409265,0.9287093215664645,0.9273610345038916,0.9317736103450388,0.925591407734265,0.9276061776061776,0.9355120426548998,0.9351290065575779
225,0.9290750377706899,0.9418255070428984,0.9538053016313887,0.9390327651197217,0.9419094419094419,0.9318448883666274,0.9425732903993774,0.9533474750866056,0.9244891418804463,0.9306316480229524
226,0.9185785593259147,0.923699836668651,0.9184640747355406,0.9197844636778556,0.9218604509166399,0.9206392819526492,0.9214101448611682,0.9205629588923997,0.9269740959533513,0.9263787760834058
227,0.9417885264341957,0.9462195603927889,0.9526799014987991,0.9460371507615601,0.9492445201106617,0.9457027331043079,0.947276016173654,0.954564801021494,0.9382999422369501,0.9453531146444532
228,0.939697265625,0.9416351318359375,0.9485321044921875,0.9501800537109375,0.952178955078125,0.9400787353515625,0.946136474609375,0.951416015625,0.9411163330078125,0.94500732421875
229,0.9477064080739299,0.9509438837548638,0.951498662451362,0.9414518482490271,0.9471288302529184,0.9515974586575875,0.9541433608949416,0.9529198078793775,0.947227626459144,0.9477216074902725
230,0.9391624826407436,0.9306926915622568,0.9441909441909442,0.9351717612587176,0.9336990858729989,0.9375829810612419,0.9322264104872802,0.9382315686663513,0.934179803745021,0.9279762540632106
231,0.9471583652618135,0.9455847473088853,0.9451134221249164,0.9417533296843642,0.9425895517849541,0.9423006750592957,0.9444140363680593,0.9419509821808673,0.9425439396703763,0.9400656814449917
232,0.9546784521584608,0.9424921106651551,0.9572290817733387,0.9398112687275957,0.9448665706669935,0.9543184533839886,0.9447746560862772,0.9543644106743466,0.9478078372499158,0.9477771990563436
233,0.9580096754009797,0.9527523005783874,0.9442901399423138,0.9518900605857128,0.9522029087246479,0.9583377844247409,0.9546141285271721,0.9479146000885131,0.949700123613167,0.9528362354449311
234,0.9297265106051583,0.9192816894956252,0.9306885336020889,0.9228014720478874,0.9251301785087116,0.9293142150350452,0.9211675599737352,0.9307725197367416,0.9349947317788264,0.9365064822025745
235,0.9302096685588721,0.926150582921321,0.93448239028261,0.9250137337483977,0.9254867850820971,0.9257919794909358,0.9230070805102851,0.9308429469572116,0.9258072392113775,0.9297595068058353
236,0.9610457037274572,0.9491654832256784,0.9496999404461954,0.9534793165055659,0.9546551223907035,0.9633820452914319,0.9555942400781836,0.9479285965153388,0.9536701940843221,0.9562203185365035
237,0.9517509727626459,0.9470130464637216,0.9507515068284123,0.952651255054551,0.9528114747844663,0.9545967803463797,0.9482871747920958,0.9537575341420614,0.9515831235217822,0.9579003585870146
238,0.9289758420193203,0.9433592259679215,0.9327071283593023,0.9439925526882049,0.9427411601324645,0.931615975094236,0.941031941031941,0.936697849741328,0.9313870618218444,0.9321348451783235
239,0.9540252685546875,0.9513092041015625,0.9509811401367188,0.9527587890625,0.9524154663085938,0.95318603515625,0.9498138427734375,0.9510574340820312,0.9554901123046875,0.952911376953125
240,0.966947445522798,0.9626136849172924,0.9522218152963438,0.96267472379906,0.9601110907648172,0.9659021546725265,0.9634834889824819,0.9565021668803028,0.9619422572178478,0.9605002136360861
241,0.9466865362975577,0.9438201392901676,0.9422842979228125,0.9441926948693774,0.9408701073568323,0.9437973297649099,0.9441774885192057,0.9398892977707491,0.9434932027614731,0.9424591709497887
242,0.9661402304112305,0.97353322652018,0.9704127565423056,0.9637598229953459,0.9609063859006637,0.9651636530098419,0.9745937285420004,0.9686198214694437,0.9671931029221026,0.964682993820096
243,0.9386217948717948,0.9384996947496946,0.935157203907204,0.9464133089133089,0.944787851037851,0.9364468864468865,0.9334935897435898,0.9346077533577534,0.9493589743589744,0.9471611721611722
244,0.9448590001831167,0.9486281511322712,0.9543734358786548,0.9396172862113166,0.940693096502472,0.9447292925593602,0.9493529878532626,0.9538622352438504,0.943249099676494,0.9397317341146311
245,0.952103520176622,0.9485312155034956,0.9485312155034957,0.9534143873420826,0.9526937936955722,0.9528164479332761,0.9487841898687599,0.9483472341469398,0.9545566049307003,0.9571630074819085
246,0.9573893289126297,0.955639467059618,0.959538282065451,0.956468348989992,0.9573663044145637,0.9628538097869467,0.9567599926321606,0.9599527230306379,0.9543654448333027,0.9519555473690673
247,0.9408688778767519,0.9386115586902988,0.9442054540479738,0.9410512875079804,0.9410512875079805,0.9416137172042685,0.9403596509895723,0.9462879640044995,0.9442890584622867,0.9426929741890372
248,0.9222069597069598,0.9260912698412699,0.9307844932844932,0.9195207570207571,0.9203678266178266,0.9207722832722833,0.9256486568986569,0.9291361416361417,0.9297008547008547,0.9242063492063493
249,0.9449004407964736,0.9436692506459949,0.9357729138166895,0.9527207782337741,0.9527055783553732,0.9482444140446876,0.9486244110047121,0.9345797233622131,0.950250797993616,0.9457364341085269
250,0.9396126787431135,0.9464571855876204,0.9348207609077175,0.9365757626627192,0.9376287637157202,0.9349504784287394,0.9440612266699224,0.9345460649808476,0.9368351977047629,0.9465716422238162
251,0.9505547331634289,0.9364689364689365,0.9509972988233859,0.9406809406809408,0.94655638133899,0.949364384146993,0.9410166801471149,0.9502189936972545,0.9502495154669067,0.9496085583042104
252,0.9306716918945312,0.9395370483398438,0.933624267578125,0.9420013427734375,0.94000244140625,0.9326934814453125,0.93853759765625,0.93389892578125,0.9497528076171875,0.9383392333984375
253,0.9447421043794172,0.9399566485017784,0.9415365358489416,0.942910350933431,0.9465433286013036,0.9462533009723558,0.9414296835645921,0.9448260597456917,0.9413686251163926,0.949413075666682
254,0.9541597997924679,0.9588292742476958,0.9554263565891473,0.952206555575902,0.9522065555759018,0.9526109381676128,0.9612784593786241,0.958791124946591,0.958600378441067,0.9590886894952085
255,0.9436106870229007,0.9457709923664122,0.939824427480916,0.951259541984733,0.9547480916030534,0.9465801526717557,0.952763358778626,0.9402824427480915,0.9530992366412213,0.9494351145038168
256,0.9290369352869353,0.9297237484737485,0.9190018315018315,0.9411019536019536,0.9423687423687424,0.9325549450549451,0.9302960927960928,0.9241300366300367,0.943070818070818,0.942002442002442
257,0.9372489959839356,0.9309282584884995,0.9319246683704514,0.9197319581355725,0.9283345503225021,0.9368154435925521,0.9342825848849946,0.9349138980163076,0.9253985639527808,0.9324571011317999
258,0.9511307452847464,0.9467512055179149,0.9513672709515961,0.9445538057742783,0.9494292864554722,0.9511536348654093,0.9472395165720565,0.9529466520173351,0.9565250564609656,0.9482085088201184
259,0.9646717557251907,0.962969465648855,0.9652137404580153,0.9674274809160305,0.9671374045801528,0.9668625954198474,0.9638549618320611,0.9656641221374046,0.9675572519083968,0.9683282442748091
260,0.9408945930685061,0.9432600302165519,0.9466937293024249,0.9462740549697072,0.9488607749477315,0.9437636394158133,0.9427640514597037,0.9458620110794024,0.9439009873792482,0.9489981229111664
261,0.937713623046875,0.93524169921875,0.9332733154296875,0.9537200927734375,0.95074462890625,0.9388427734375,0.9335479736328125,0.9370269775390625,0.9465179443359375,0.947296142578125
262,0.9433515955255085,0.9557510644467165,0.9542478672913456,0.9502113632548415,0.9534695621652143,0.9477772521250782,0.9555603033863903,0.9569337830207395,0.9520045172219085,0.9550338028598898
263,0.9510055430848872,0.95141020355185,0.950661963443126,0.9498984531281016,0.9511506100447418,0.9486921068303633,0.951471284377052,0.9454395528883596,0.9525096584054852,0.9547772840411074
264,0.9373359580052494,0.9556857718366599,0.9555102850515778,0.9479414637123849,0.9432872489775987,0.9357413172190685,0.9519471403283891,0.9535723005554537,0.9518555820057377,0.9464536409692975
265,0.960971498620901,0.9587496169169476,0.9594544897333742,0.9559454489733376,0.9554627643273063,0.9596230462764327,0.9566579834508122,0.957577382776586,0.9610787618755746,0.9604198590254368
266,0.9320266825418633,0.9308055135778724,0.932057211765963,0.9325075178214346,0.9339194944360489,0.9356291309856359,0.9352169864602891,0.9320877409900628,0.9293706400451832,0.9338126421516998
267,0.9361075505096746,0.9387169627052433,0.9448818897637796,0.9388237807483367,0.9396935848135264,0.9385872550814869,0.9424937435146188,0.9470640297869743,0.9472166269913935,0.9474150033571385
268,0.9294117647058823,0.9312275883115891,0.9384832532234684,0.9496070801861599,0.9517509727626459,0.9311894407568475,0.932188906691081,0.939986266880293,0.9463492790112155,0.9465476462958725
269,0.9422751201647974,0.9441214618142977,0.9329823758297093,0.9515831235217822,0.9503471427481498,0.9421225299458305,0.9431143663691158,0.9353780422674907,0.9493553063248645,0.9483710994125276
270,0.933187806372549,0.9293504901960785,0.9237515318627451,0.9238204656862744,0.9294270833333333,0.9369178921568628,0.9325597426470589,0.9296262254901959,0.934298406862745,0.9335094975490196
271,0.9505667892156863,0.9531556372549019,0.9557215073529411,0.9538449754901962,0.9550781249999999,0.9496323529411763,0.9545726102941177,0.9536305147058823,0.9526501225490195,0.9471813725490195
272,0.9537139179996323,0.9440843905129619,0.9490408776123062,0.9474474474474475,0.9499371820800392,0.9566096708953851,0.9467886253600539,0.9506802721088436,0.9457161242875529,0.9492553778268064
273,0.9269820038910507,0.9336545476653697,0.9330693701361867,0.9267464129377432,0.9288667315175098,0.9270124027237354,0.9306602626459144,0.9314506322957198,0.9266932149805449,0.9336545476653697
274,0.9457211743880852,0.9580433986449368,0.9518403222852957,0.9485137032289568,0.9469648416041018,0.9479109442715009,0.9568836598913508,0.9501464933162423,0.9461179271195752,0.9465604590123909
275,0.9285103785103787,0.9423992673992674,0.9507402319902319,0.9417048229548229,0.9461004273504273,0.9320818070818071,0.9421703296703297,0.9528693528693529,0.927930402930403,0.9308150183150183
276,0.9207413489022683,0.931353767560664,0.9296053031685216,0.9286930608769689,0.9283129599221553,0.9218360396521316,0.9318555008210181,0.9291795900991303,0.9343337590464028,0.9349419205741045
277,0.9372557997557998,0.9408653846153846,0.9431929181929182,0.9402090964590963,0.9396214896214896,0.9334783272283272,0.9425824175824176,0.9425137362637362,0.9362484737484738,0.936141636141636
278,0.9555189204866359,0.9582131245134405,0.9674863763337453,0.9572590862603227,0.9583276091038146,0.9558700065637832,0.9586329013448124,0.9662652073697546,0.9670589671963488,0.9677306101265437
279,0.9618711050311598,0.9542483660130718,0.9573491412068704,0.958511931904545,0.9599179206566348,0.9618939048487614,0.9567791457668339,0.9587171302629578,0.9522875816993465,0.9562851497188023
280,0.9315382149562669,0.9351253987879897,0.9421394880249119,0.9277754880859702,0.9316145380165163,0.9354841171711621,0.9362244508555815,0.9452229396589886,0.9427577048129322,0.9355680725374365
281,0.961394674601358,0.9570153353170061,0.9531395437552452,0.958854047455558,0.9586480506599527,0.95902952620737,0.9570458533607996,0.9525825894560158,0.9610284580758373,0.9574959945067522
282,0.9449933122568093,0.9373024075875486,0.9438077577821011,0.9486183730544746,0.9468020428015562,0.9463308608949416,0.9391719357976653,0.9430553866731519,0.9501611138132295,0.9463916585603114
283,0.9542742476957822,0.9600653116034914,0.951779283403528,0.9664133553073309,0.9595159616675822,0.9534044436305928,0.9587377159250442,0.9501236037355795,0.9680461453946163,0.9554263565891473
284,0.9478382956643826,0.9508065377630595,0.9431684649075953,0.9517450821798648,0.9456178369221847,0.9469379034596425,0.9488455140629054,0.937590611503655,0.950585254933081,0.9479298609733394
285,0.9491888839714927,0.9555908251560425,0.9447098142750316,0.9558655210829123,0.9549422375509332,0.9516687777557342,0.9533703664138448,0.9455949455949455,0.9533169533169532,0.9490515360080577
286,0.9579001999664178,0.9503747462258247,0.9597777472485537,0.9401779853765017,0.9429790416876556,0.9585413136725129,0.9541298407900962,0.9599151287570027,0.9655782998275099,0.956556914106028
287,0.9493835072941464,0.9181163401086492,0.9334828785936642,0.95274827565159,0.9494140267350302,0.9499404870902765,0.9199398767014587,0.9347875846914485,0.940319233351645,0.9388390404687786
288,0.9469423082815037,0.9480989000888508,0.9576043996445969,0.9550614295781121,0.9580409939029995,0.9480069855081344,0.9510018689298078,0.9584316308710438,0.9415423266644197,0.9442997640859095
289,0.961044730392157,0.9589001225490197,0.962048100490196,0.956939338235294,0.9560968137254903,0.9567631740196078,0.9587392769607843,0.9602558210784313,0.9584252450980392,0.9566329656862745
290,0.9416086797289873,0.9427607886223525,0.9471861075505097,0.9366111212842582,0.9409296221693219,0.9476438991637675,0.9429362754074345,0.9484145150460844,0.9463468229262041,0.9460416285173656
291,0.9403452012147665,0.9583148930975017,0.9594747203442855,0.9610694828086132,0.9598257206952859,0.9405130709478536,0.9586277412364369,0.9597570467135684,0.9518519083736476,0.9472125993865124
292,0.9503268470659775,0.9521055031924597,0.947681666159927,0.9522119185162663,0.9552523563393128,0.9510033444816053,0.9505396777135907,0.947940103374886,0.9538309516570386,0.9574034660991183
293,0.9464679742568188,0.9455179282868527,0.9447287771988967,0.9492798038614773,0.9490806006742262,0.9485979160281949,0.9496628869138829,0.9465982224946369,0.950275819797732,0.9427673919705791
294,0.9534945867118664,0.9507841250935299,0.9504634507612197,0.9486462962114618,0.9472490723349671,0.9520973628353719,0.9489211599248706,0.9505398017927221,0.9531204666575045,0.953983233313482
295,0.9575474577305743,0.9641396569614845,0.9506195446499419,0.9662683879631325,0.9663370567051212,0.9588750534090216,0.9638726118537507,0.951802172984191,0.9605231032167492,0.9621406335835928
296,0.9693351775291829,0.9688183973735407,0.9670400656614787,0.9616822714007782,0.96396218385214,0.9701711454280154,0.9672528574902722,0.9687272008754864,0.96875,0.9676252431906616
297,0.9551849365234375,0.95538330078125,0.9519271850585938,0.951141357421875,0.9490814208984375,0.952545166015625,0.9534072875976562,0.9470977783203125,0.9522247314453125,0.9543914794921875
298,0.9375957707631015,0.9375881091020534,0.9296659515783022,0.9375344774747166,0.9396720809071408,0.9389672080907141,0.9377260190009196,0.9389288997854736,0.9434569414649095,0.9425835121054245
299,0.9466951776571936,0.9501977375149453,0.9374061130016249,0.952772923756093,0.9523054048254085,0.9441583126398725,0.9491630644716269,0.9372758208406143,0.9563597903062633,0.9491247432478004
300,0.9504241943359375,0.9434890747070312,0.9458160400390625,0.9530105590820312,0.9558868408203125,0.9499130249023438,0.9457855224609375,0.950439453125,0.954010009765625,0.9514694213867188
301,0.9364471435546875,0.943023681640625,0.9381332397460938,0.9357070922851562,0.9349822998046875,0.934783935546875,0.940155029296875,0.9356231689453125,0.9349212646484375,0.9363479614257812
302,0.9635080491340505,0.9621194781414512,0.9612497138933395,0.9618905928130006,0.962027924010071,0.9632639047837034,0.9618448157473106,0.9605096513313497,0.9616388189517052,0.9669031815060656
303,0.95696142632535,0.9526949672574071,0.9521301766115614,0.9471997069194487,0.9473676176519975,0.9557936835035337,0.954030620811772,0.952588114973058,0.9460090671795577,0.9490467249774848
304,0.9631630348532014,0.9630409570896661,0.9565174266007446,0.963681865348227,0.9623466398095587,0.9630028077885614,0.9608511872062505,0.9554568760300312,0.9573185619239456,0.9631782945736435
305,0.9288179333302792,0.9365981034403774,0.9444317192725273,0.9473406935727701,0.9447829340174385,0.9286652312672744,0.9365141173057248,0.94200375647075,0.9356513506497474,0.9363843205521707
306,0.9615844315047503,0.9630248237817959,0.9584891204413117,0.9602513024823782,0.9614005516395955,0.9647103892123812,0.9625498007968127,0.9582745939319645,0.9636224333435489,0.9579757891510877
307,0.9650250797993616,0.9543015655874754,0.9487004103967168,0.964781881744946,0.9647058823529411,0.9662866697066423,0.9567943456452348,0.9500075999392006,0.9558139534883723,0.9600091199270405
308,0.9433127336537728,0.9265659571221485,0.934531166552224,0.9423285267414359,0.9465781643396658,0.9451285572594798,0.9279011215381093,0.9360341802090486,0.9367208361943998,0.9369268329900053
309,0.9423361562523843,0.9357213702601662,0.9345998321507591,0.931090257114519,0.936064698252842,0.9438544289311055,0.93842984664683,0.9364232852674144,0.9323262378881513,0.9310139620050355
310,0.9389153390709881,0.946346822926204,0.9367408289080146,0.9514359396935848,0.9526185680278337,0.9400445583836904,0.9474607825184642,0.9399530000610388,0.9472471464322773,0.9507721418543613
311,0.9587931296549628,0.9533363733090136,0.9552059583523331,0.9564979480164159,0.960016719866241,0.9601991184070527,0.9578507371941025,0.9551451588387293,0.9607539139686883,0.9602827177382582
312,0.9619546141285271,0.9681276420406855,0.9597265249439163,0.9686694034520121,0.9684099684099684,0.962381918903658,0.965952965952966,0.9585819585819585,0.9665481404611839,0.9616341355471791
313,0.9481269550621805,0.9480964370183871,0.9504997329671169,0.9490196078431372,0.9488288700694284,0.9494392309452963,0.9487373159380483,0.9492179751277943,0.9543297474631877,0.9481956206607156
314,0.9582248230644321,0.953904837770765,0.9427448757621251,0.9496154906706701,0.9520129293176874,0.9596801372591073,0.9548469622231073,0.9440852967309048,0.9528631391893134,0.95444866570667
315,0.9640497444113832,0.9631494621194782,0.9718089570458532,0.971999694819562,0.970176241702907,0.9632639047837033,0.9642328526741436,0.9694438086518654,0.9621271076523995,0.9648737315938049
316,0.948114503816794,0.9481068702290076,0.9449160305343514,0.9609312977099237,0.9606564885496183,0.9510534351145037,0.9494198473282442,0.9447328244274809,0.9552519083969466,0.9517251908396946
317,0.9204129280351585,0.9153772202893243,0.9126838796313252,0.925578343404749,0.9251052920710493,0.9257004211682842,0.9211377647561497,0.9163462125373864,0.9342153451748763,0.9243728254898369
318,0.9560546875,0.95782470703125,0.9576873779296875,0.9575958251953125,0.9589157104492188,0.95989990234375,0.956878662109375,0.9614028930664062,0.9600677490234375,0.953643798828125
319,0.9581597619592583,0.947196154726482,0.957999542229343,0.9549706263828488,0.9568017090104524,0.9586404211490044,0.9472266727702755,0.9546807049668116,0.96415655756466,0.9640039673456932
320,0.9403386515068157,0.9450913870040957,0.9409499358151475,0.9505623815636653,0.9492786845161685,0.9419279907084785,0.945473439696803,0.9444953848034721,0.9536799315361575,0.9496913014242924
321,0.9313892208229924,0.9271838710665807,0.9273447314397769,0.9365750528541226,0.9375708551643841,0.9293210160247573,0.9277124122927964,0.9287311946563717,0.9326990838618746,0.9373410546312468
322,0.956517094017094,0.9496031746031747,0.9600656288156287,0.9547847985347986,0.9547542735042734,0.9577304639804638,0.9519078144078145,0.9581883394383395,0.9498931623931623,0.9502213064713065
323,0.9525550218871596,0.9501003161478598,0.953938168774319,0.9528286113813229,0.9562712791828794,0.9534517874513617,0.9518634484435798,0.9569400535019456,0.952790612840467,0.9552833171206224
324,0.9258835378135872,0.93059116156992,0.9361609595312214,0.9250137337483977,0.9291643777086004,0.9268754196423121,0.9328190807544406,0.9336125862174204,0.9321247634743332,0.9348104742721114
325,0.9411163330078125,0.9380340576171875,0.9486846923828125,0.9514846801757812,0.9531936645507812,0.9417724609375,0.93719482421875,0.9490127563476562,0.9591827392578125,0.9538345336914062
326,0.9503700312809948,0.9336232547493706,0.9339131761654077,0.9484855420767528,0.9483024338139925,0.9506446936751354,0.9336995498588541,0.9359197375448234,0.9409933623254749,0.9418478675516899
327,0.9504852294921875,0.9511337280273438,0.9532928466796875,0.96124267578125,0.9570388793945312,0.9528961181640625,0.9506683349609375,0.9532394409179688,0.9590911865234375,0.9535980224609375
328,0.9352361546181686,0.9329704084425656,0.9265457254949668,0.9344834402846629,0.9344150117088896,0.936102916577963,0.9315714242267571,0.9256865667102582,0.9359660594264164,0.9349928530154193
329,0.9395222832722833,0.9548229548229549,0.9435286935286935,0.9472222222222222,0.9486874236874236,0.948252442002442,0.9536630036630036,0.9468940781440781,0.9448717948717948,0.9445665445665445
330,0.9302712521561265,0.9521912350597609,0.9297064615102808,0.9543130161346949,0.9508097876692464,0.931263451939369,0.9519012074308131,0.9308360428019722,0.9342553159011463,0.9376745890003205
331,0.9548867017624171,0.953177691309987,0.9541466392004273,0.9563363088426032,0.9598306248569467,0.9544975967040513,0.9546959639887083,0.9565499351491569,0.9524376287479972,0.9559929808499275
332,0.9544344747604224,0.9555255447720198,0.9511383751449674,0.9503677592626504,0.9518174327046328,0.9519089910272844,0.9554339864493683,0.9526109381676128,0.9591344686565341,0.9560977842885918
333,0.9236259541984732,0.92612213740458,0.935732824427481,0.9230610687022902,0.9281374045801527,0.927587786259542,0.9282900763358779,0.9349007633587787,0.9240152671755725,0.9267938931297711
334,0.9533662943294879,0.9478575352499543,0.9515198681560154,0.9461865958615638,0.9469801013245437,0.9538164560825246,0.9474073734969176,0.953351034609046,0.9542360983946774,0.955868888481963
335,0.9438391699092088,0.9457618066681925,0.9410849164568551,0.9463111314564736,0.9467917906462195,0.944213015945678,0.9501487754634927,0.9457541771572442,0.9446707866025787,0.9404592965590906
336,0.9264939266312641,0.9343221632179699,0.9219465299395715,0.932155282915217,0.9335439174754319,0.9279664896539096,0.935665018616859,0.9252273698345848,0.9412805957394861,0.9389305987914301
337,0.9422980086976424,0.9507515068284123,0.9452048523689632,0.9499504081788357,0.9471732661936371,0.9408255130846113,0.9481803616388189,0.9424811169604028,0.9464103150988022,0.9418554970626383
338,0.9438391699092088,0.9420233463035019,0.9426489662012665,0.9432822156099793,0.9466239414053559,0.9479056992446784,0.943579766536965,0.9470893415732051,0.9455252918287939,0.9474021515220874
339,0.9341891602071142,0.9249900425870892,0.9365789393057384,0.9284521584607371,0.9317764024633107,0.9357670271760777,0.9324887404638623,0.9410980728576244,0.9352155396917798,0.9361500045957291
340,0.9553771727684771,0.9586506325636761,0.9461290765638591,0.9543928456971936,0.9537366276496712,0.9540799975582585,0.9560791734704778,0.9446716620629665,0.9500663848489935,0.9521876478398217
341,0.9692264257481649,0.9661971401101835,0.9584064584064583,0.9606269171486562,0.961618874662353,0.9672959238176629,0.9671662062966411,0.9634959634959636,0.9671127931997496,0.9686388816823599
342,0.955597597965624,0.952426544930911,0.959641839517142,0.9586920555164069,0.9558350439658079,0.9548239835779283,0.9554061092557983,0.9572444008701246,0.9645362909402861,0.9622154477771991
343,0.9380478087649402,0.9272984983144344,0.9284937174379405,0.9464143426294821,0.9447134538768006,0.9377413423230156,0.9311829604658289,0.929313515170089,0.9340024517315353,0.9430738584125039
344,0.9722366333007812,0.9604873657226562,0.97357177734375,0.9639892578125,0.96539306640625,0.974639892578125,0.96539306640625,0.9742202758789062,0.962646484375,0.9664764404296875
345,0.9332950367647058,0.9330269607843136,0.9395986519607843,0.9370787377450981,0.9438112745098038,0.937591911764706,0.9384803921568627,0.9398820465686275,0.942310049019608,0.9444240196078431
346,0.9319569065494719,0.9334370994323384,0.9287065860953427,0.9333913202710127,0.9340322285295735,0.9311786608069341,0.9362525178538729,0.9270737960080572,0.9350393700787403,0.9320332051516816
347,0.9523969465648855,0.9471832061068701,0.9510076335877863,0.943267175572519,0.9450610687022901,0.9504351145038168,0.9435725190839694,0.9487328244274811,0.9440916030534352,0.9470000000000001
348,0.9254052492320795,0.9218849791673004,0.9292600590006389,0.919839725069189,0.920919375931389,0.9238770110398103,0.918919740883793,0.9299215352331134,0.9360572975274475,0.935737964173839
349,0.9621673003802281,0.9567832699619773,0.9576349809885933,0.9618326996197719,0.9649277566539924,0.9689277566539923,0.9621749049429659,0.9572015209125475,0.9650494296577947,0.969041825095057
350,0.9676356145571069,0.9617303730830854,0.9684901197833219,0.9630273899443046,0.9642023346303501,0.9677271686884871,0.9638590066376745,0.9696803234912642,0.9583733882658121,0.9687647821774625
351,0.9477576771055033,0.947681666159927,0.9533520826999087,0.9474536333231985,0.946792338096686,0.9491638795986621,0.9469519610823958,0.9527135907570691,0.9556096077835209,0.9500532076619033
352,0.9450229007633587,0.9414503816793894,0.9520839694656489,0.9523129770992367,0.9551755725190839,0.9493053435114504,0.9471297709923664,0.9533740458015266,0.9488854961832061,0.9440458015267176
353,0.9440688571123355,0.9440764875547484,0.9465105986845117,0.9428632472110733,0.9440764875547484,0.9462816854121201,0.9451752712622277,0.9463274680665985,0.9596960031742641,0.9502266241396676
354,0.9523239135742188,0.9381866455078125,0.9394912719726562,0.940582275390625,0.9435272216796875,0.9543609619140625,0.94097900390625,0.9376983642578125,0.945404052734375,0.9480819702148438
355,0.9615302772373542,0.9470300340466926,0.9617278696498055,0.9616974708171206,0.9605575145914397,0.9614314810311284,0.9471668287937742,0.9624650413424123,0.9529274075875487,0.9564384727626459
356,0.9244754711223011,0.9256885633630885,0.9254291599908446,0.9364690623331045,0.9336308842603189,0.9238651102464333,0.92646677347982,0.9237430380712597,0.9309224078736553,0.9252155336842908
357,0.9606074481074481,0.9615766178266179,0.949496336996337,0.9561965811965811,0.9581883394383394,0.9617750305250304,0.958768315018315,0.9508623321123321,0.9580586080586081,0.956547619047619
358,0.9590888278388279,0.9575091575091575,0.9552655677655678,0.9537927350427351,0.9561431623931624,0.9617673992673992,0.9612866300366301,0.9585699023199024,0.9538461538461539,0.9658882783882783
359,0.9563004563004563,0.96043615608833,0.9605735040517649,0.9562470432035649,0.9633128328780503,0.9632212675690937,0.9624505928853755,0.9598638729073511,0.9563233476276954,0.9554229554229554
360,0.9461509117265584,0.9487220569161516,0.9519645990691996,0.9530632486457619,0.9532387273975738,0.946936751354238,0.946517128252079,0.9538414587624933,0.9523613336385137,0.948554207675288
361,0.9571831845578698,0.9638208590829328,0.9565423056382085,0.9638513771267261,0.9644922560463873,0.9599450675211718,0.9638971541924163,0.9594567788204776,0.9608300907911802,0.9606851300831617
362,0.9439281572361595,0.9435466642251115,0.9545870719648416,0.9446453640969298,0.9467130562168101,0.9444393578709638,0.9445156564731736,0.9531602881035219,0.9468961728621131,0.9487578587560276
363,0.9469451904296875,0.9484405517578125,0.9371185302734375,0.9448165893554688,0.945465087890625,0.9484024047851562,0.9478530883789062,0.9363327026367188,0.9501800537109375,0.9430999755859375
364,0.9595695525291827,0.9570844479571985,0.9519242461089495,0.963369406614786,0.9636581955252917,0.9634606031128404,0.9588095817120623,0.9512934703307393,0.961013497081712,0.9642965710116732
365,0.9558854961832061,0.9486717557251908,0.9473435114503818,0.9493511450381679,0.9517709923664122,0.9557862595419846,0.9473435114503816,0.9478396946564885,0.9509007633587787,0.9528015267175571
366,0.9488801963491335,0.9485887406043871,0.9469397146801658,0.9508130081300814,0.9489185457892316,0.9494247583985275,0.9456588433808867,0.9464411719588893,0.9373523546556222,0.9440558367847829
367,0.9414518482490273,0.9510426799610896,0.943914153696498,0.9425994041828794,0.9438001580739299,0.9407222762645914,0.9517798516536964,0.9430325875486381,0.9549033317120623,0.9506322957198443
368,0.9445626729091295,0.9465083756422339,0.9475496306204967,0.9495029337549022,0.9492597209132643,0.9462803636031983,0.9477548414556288,0.9491989177028547,0.9481500623232906,0.9488721004469036
369,0.9356497588964171,0.9516572056399927,0.9436763718488678,0.9353445644875786,0.9395562473295489,0.9398843313190504,0.9539461637062808,0.9453473112372581,0.9375267045107735,0.9451565647317342
370,0.9461966887922484,0.9473868925001907,0.945159075303273,0.9508506904707408,0.9498588540474555,0.946845197222858,0.9477073319600212,0.9469596398870832,0.94702067597467,0.9478522926680399
371,0.9368275672623498,0.9495169929952538,0.9446258794084882,0.9456102064797717,0.9477619912402522,0.9402383750209837,0.9515924733316038,0.9483953179605353,0.9523555175729088,0.9531338226990402
372,0.9556313208703646,0.9422310756972112,0.9436638063132087,0.9447594238430892,0.9458933496782101,0.9531336193686791,0.9422770456634998,0.9436484829911125,0.9458627030340179,0.9437787312289305
373,0.9441226941226941,0.9335279156707728,0.9396794753937611,0.9378945271802415,0.9435787828644973,0.9431421217135504,0.9364083471226328,0.9431421217135503,0.9562419562419562,0.9493166636023778
374,0.9379959106445312,0.9437103271484375,0.931549072265625,0.9371109008789062,0.9368362426757812,0.9378890991210938,0.9427490234375,0.93115234375,0.9394989013671875,0.9342727661132812
375,0.9471098089483,0.9468275041201245,0.9464154916681927,0.9434016968809131,0.9457288042483062,0.9473539644753708,0.9466749069157053,0.9448437404626747,0.9397698834157359,0.9491698712079595
376,0.9457618066681925,0.9452506294346531,0.948073548485542,0.9480125123979553,0.9522392614633401,0.9488899061570153,0.9464713511863889,0.9458075837338826,0.9463035019455251,0.9478141451132982
377,0.920489226637368,0.9305911615699201,0.9156671549777209,0.9256470121467375,0.9254715253616554,0.9178645547213574,0.9291414881279374,0.9111121284258074,0.9227247756821094,0.923411463101996
378,0.9343641671227878,0.9482530560116768,0.9416012893024388,0.9364243142978773,0.9388037462750105,0.9344021772182693,0.9455999513470779,0.9400200693304142,0.936857629386365,0.9406738429726936
379,0.9505055147058825,0.9638939950980392,0.9557674632352942,0.957467830882353,0.9597426470588235,0.9537454044117647,0.9664139093137254,0.957735906862745,0.9660692401960784,0.9652650122549019
380,0.9168955624732955,0.9185054629799183,0.9274400292986633,0.9219312702191297,0.9238997741561374,0.9206647134224502,0.9233580540804492,0.93059116156992,0.9228621131660868,0.9293551242141244
381,0.9224783113391986,0.937774926686217,0.9352700391006843,0.9388975439882699,0.9384927908113392,0.9289619990224829,0.9359879032258064,0.9351783968719452,0.9334371945259042,0.93703415200391
382,0.9339233716475096,0.9311264367816092,0.9246973180076629,0.9393946360153256,0.9406436781609195,0.9327739463601533,0.9308275862068967,0.9273793103448277,0.9493793103448276,0.9338773946360155
383,0.9480924152606779,0.9494756041951664,0.9392156862745098,0.9456680346557227,0.9503495972032224,0.9501443988448093,0.9507295941632466,0.9424456604347164,0.9511019911840705,0.9480164158686731
384,0.9408959096459095,0.9296092796092796,0.9296321733821733,0.933028083028083,0.9377442002442002,0.9449633699633699,0.9370726495726496,0.9319444444444445,0.9421245421245421,0.9416895604395603
385,0.9578125,0.9614123774509804,0.9562576593137253,0.9470741421568626,0.9529105392156862,0.962140012254902,0.962454044117647,0.959375,0.9549325980392157,0.9558210784313725
386,0.9395058525493307,0.9526759961542569,0.9399178964396355,0.9393227219314175,0.9451142277229234,0.9416881590794635,0.9537289972072582,0.9422833335876812,0.9365757626627191,0.9472202298289255
387,0.9444961618874662,0.9494941016680147,0.9509209943992554,0.9455644238252934,0.9462664245272941,0.9427182688052254,0.9497306453828193,0.9513025165199078,0.9386970256535474,0.9417797243884201
388,0.937094682230869,0.931464103150988,0.9383688105592431,0.9403906309605553,0.9420386053253986,0.9372549019607843,0.9329518577859158,0.9378194857709621,0.921034561684596,0.9287708857862211
389,0.9422293430991072,0.9556267643244066,0.9530632486457618,0.9481345845731287,0.9468299382009613,0.9446860456244754,0.9525978484779125,0.9512474250400549,0.954055085069047,0.9480430304417486
390,0.9411409898147723,0.9489058897185702,0.9409272069265656,0.9496694000335946,0.9481729198161466,0.9403927497060485,0.944485164994579,0.9404614656344008,0.9422633499778582,0.9516697970589583
391,0.9242394068445724,0.9236419620699162,0.9325500168510064,0.9297466221391586,0.9310870431079384,0.9228147308434695,0.9263304635558687,0.9323508685927878,0.9306657679463219,0.9337985232390699
392,0.9472912169762564,0.9476256346335087,0.9478612470738456,0.9489785060651202,0.9524822910649682,0.9496321405770224,0.9508862067917185,0.9533715380172074,0.9543063873772534,0.9486516888091691
393,0.9352874755859375,0.9354400634765625,0.93084716796875,0.9337539672851562,0.938446044921875,0.9363555908203125,0.9372711181640625,0.9351119995117188,0.9337921142578125,0.9376296997070312
394,0.9589603283173735,0.9536175710594316,0.9539671682626539,0.9257941936464508,0.9302781577747378,0.9584967320261437,0.9528955768353853,0.953936768505852,0.9414956680346557,0.9454780361757107
395,0.9547404547404547,0.9614972114972115,0.9549855978427407,0.9532542746828461,0.9554222589936876,0.9551847766133481,0.9611371575657289,0.9505577005577005,0.9526720598149169,0.9525954525954525
396,0.9382393796461663,0.9525499534429334,0.9413380958922929,0.9577017600097693,0.9581444337592161,0.9413762574224175,0.9541603700141962,0.9434904061913267,0.9580528460869168,0.9533971394117019
397,0.9512939453125,0.939910888671875,0.9365386962890625,0.9273223876953125,0.9299163818359375,0.9487533569335938,0.9398345947265625,0.9397659301757812,0.937835693359375,0.94580078125
398,0.9332417792019532,0.9418860151064317,0.932036316472114,0.9478217746242465,0.948882276646067,0.9346913862821393,0.9428397039749752,0.9328068970778972,0.9386892500190738,0.9469901579308767
399,0.9692341744134573,0.9603730671184992,0.9634717833646258,0.9665704996107524,0.9669979087481492,0.9683488269145639,0.959869334920853,0.9602051563859504,0.9772099342095221,0.9742409671658195
400,0.9540932326237889,0.9402914473182268,0.9331502250705729,0.9542458228427557,0.9505836575875486,0.9526436255436026,0.9399938963912412,0.9338063630121309,0.9577019913023576,0.9605096513313497
401,0.9435008850637857,0.9388771897698834,0.9383965085759629,0.9387245925654641,0.9418223158151743,0.9442409815052187,0.9443401696880914,0.9383812488555209,0.9353903436489044,0.9461331868400171
402,0.9423989054423838,0.9422696868349043,0.9525843721495895,0.9537549407114625,0.955944055944056,0.9423913043478261,0.9432578291273943,0.9504180602006689,0.9470355731225296,0.9472027972027972
403,0.9518091603053436,0.9513587786259543,0.9396030534351144,0.9525648854961833,0.9546564885496184,0.9545190839694656,0.9528549618320611,0.9411450381679389,0.9556946564885497,0.9522519083969465
404,0.9415323806628154,0.9304043782304653,0.9388415931894193,0.9443447856491334,0.9432882335056247,0.9390240194588021,0.9313469139556098,0.93855275159623,0.9395560960778353,0.9369565217391305
405,0.9423666742961777,0.9445792324711986,0.9416037232013427,0.9456702525368123,0.9457846952010377,0.940688181887541,0.94526588845655,0.9443961242084382,0.9493247882810711,0.9404592965590906
406,0.9511558709086747,0.9424353398947128,0.9396124208438239,0.9248035400930801,0.9246814679179064,0.9498207064927139,0.9379110399023423,0.9411535820553901,0.9424124513618677,0.9321889066910811
407,0.9548797607421875,0.9539718627929688,0.9515533447265625,0.9553451538085938,0.9555587768554688,0.9541015625,0.952789306640625,0.9500198364257812,0.958709716796875,0.9591827392578125
408,0.9268391330891331,0.9368208180708181,0.9432997557997558,0.9400946275946277,0.9406974969474968,0.9317460317460318,0.9369123931623932,0.942803724053724,0.9438949938949939,0.9393772893772894
409,0.9476210095831045,0.9428981261063297,0.9389305987914301,0.9538240859427455,0.9528474638344625,0.9481932490996766,0.9418986144173839,0.939533357748886,0.9480559116156992,0.949261429530611
410,0.9539072039072038,0.9549374236874236,0.9529075091575091,0.9527548840048841,0.9538919413919413,0.9528846153846154,0.9561660561660562,0.9537851037851037,0.9602564102564102,0.962202380952381
411,0.9333089099540534,0.923325853673429,0.9203645189357513,0.9295003892476073,0.9271343743798752,0.9338813329059243,0.9247759918181679,0.9222268016058371,0.9390789333089099,0.9307520874356979
412,0.9506246960116731,0.9481547908560312,0.9335253526264592,0.9384727626459144,0.9376063959143969,0.9498419260700389,0.946452456225681,0.9359192607003891,0.9355544747081712,0.9434961697470817
413,0.9607928439498712,0.9592129566027079,0.9475584253026209,0.9499473370884278,0.957358306238647,0.9614950161041658,0.9606173009112974,0.9463754178687549,0.9429408801575307,0.9437956984323244
414,0.9611795105639155,0.965952272381821,0.9613771089831281,0.9509727922176623,0.9520291837665298,0.96203070375437,0.965610275117799,0.960328317373461,0.9595075239398085,0.9518087855297158
415,0.9376517476751112,0.9410417334738193,0.9318032586620246,0.9295279979232519,0.9365981034403774,0.9352161497701834,0.9397437659382778,0.9332157527448196,0.9381251240704261,0.940469100737551
416,0.9600294895570486,0.9445322713039249,0.9557428632231783,0.9461207551758734,0.9461891587875839,0.9592542486243273,0.9446766789286475,0.9553476423555165,0.9520110661842945,0.9484540783753382
417,0.9560964858949416,0.9637721911478601,0.9517722519455254,0.9565524683852139,0.9599267388132297,0.9591363691634243,0.9649957441634243,0.953603781614786,0.9691907830739299,0.9693123784046693
418,0.946359629122967,0.93968688250494,0.9250873993008056,0.9467244262045903,0.9492932056543548,0.9495060039519684,0.9465952272381821,0.9289937680498556,0.9415108679130567,0.9467700258397933
419,0.9534577320219382,0.9468011765787296,0.9540398933725527,0.9543309740478597,0.9555106167846311,0.951512087508043,0.9488310812881086,0.9535419922174219,0.9513895272237031,0.9555565768912583
420,0.9568093385214007,0.9422369726100556,0.9546120393682764,0.954184786755169,0.9560387579156175,0.9595407034409095,0.9499427786678873,0.9561150530251011,0.9516289005874724,0.9658655680170901
421,0.9665903715571831,0.9644235904478523,0.9657511253528648,0.9720149538414586,0.9724727244983595,0.9647364003967345,0.9581063553826199,0.9594338902876325,0.9680628671702144,0.9658350499732967
422,0.9549541298407901,0.9583047121857399,0.9530994794767291,0.9512371968066432,0.9524278365465342,0.9538245485490987,0.958663430568912,0.948481934331639,0.9604646547907983,0.9507563615270718
423,0.9488302531780792,0.9560791734704778,0.9429319211927907,0.9514322340409298,0.9490362751232316,0.9489676011415141,0.9559341950646297,0.9455339020556413,0.9542478672913456,0.9494941016680146
424,0.9375448781605682,0.9369643266366205,0.9400504163165533,0.9317699182644565,0.9301963180811245,0.9351233671988388,0.9309678405011077,0.9358872507829806,0.9375601558322513,0.939569169658544
425,0.9257004211682842,0.9452328633339437,0.9422266984068851,0.9500625648538118,0.948498443508515,0.9245940914362449,0.9414331929439052,0.9384117682964048,0.943432216321797,0.9428294573643411
426,0.9598235410847032,0.9592892796629574,0.9557478896673841,0.9527331287875319,0.9561371372746561,0.9612049884752178,0.9591976919906581,0.9588008120773611,0.9572896154844225,0.9589534581978598
427,0.967620849609375,0.965301513671875,0.9669036865234375,0.966827392578125,0.9656753540039062,0.9672393798828125,0.959869384765625,0.9663925170898438,0.96417236328125,0.9594573974609375
428,0.9543505462979918,0.960141610205701,0.9658487456509797,0.9553271684062747,0.9544497344808643,0.9517335042422023,0.9588750534090215,0.9651620582310932,0.9615455044863578,0.9566700238051639
429,0.9471840659340659,0.9425366300366299,0.9368589743589743,0.9500763125763125,0.949023199023199,0.9471153846153846,0.9423382173382173,0.9437271062271061,0.9476648351648351,0.9453678266178265
430,0.9452538529889389,0.9500337040781934,0.9530364310445201,0.9487391610748538,0.9484863804884027,0.9429711676931091,0.9491374819989581,0.9540245733370102,0.9604896283359377,0.959922787020866
431,0.9566391941391942,0.9564865689865689,0.9588827838827838,0.9583485958485958,0.956105006105006,0.9565857753357754,0.9552045177045176,0.9552884615384615,0.9544719169719169,0.9559905372405372
432,0.951413050112922,0.9481703595190136,0.9499252273698346,0.9494598058963559,0.9506653238112678,0.9532136971250686,0.9484374046267472,0.9493148385521578,0.9509399987792224,0.9504898370261857
433,0.9427302691814685,0.939922480620155,0.9495895135201123,0.946896172862113,0.942638710858817,0.938587255081487,0.942272477568211,0.9485594823902826,0.940715986083135,0.9424174449124094
434,0.9358134920634921,0.9398962148962149,0.9388965201465201,0.9384233821733821,0.9434371184371184,0.9398656898656899,0.9428037240537239,0.9386446886446886,0.9508699633699633,0.9453754578754578
435,0.949047793444424,0.9509247390587804,0.9547472990294817,0.9405633888787157,0.9453396813770372,0.9538011963620826,0.9528779832753463,0.9537477873405359,0.9425166330952817,0.9453015320759324
436,0.9600873161764706,0.961703431372549,0.9500382965686276,0.9558363970588234,0.9550245098039216,0.9594286151960784,0.960516237745098,0.9512867647058824,0.9578737745098038,0.9590533088235293
437,0.9409188034188034,0.9427655677655677,0.9487789987789988,0.9427960927960928,0.9458409645909646,0.9420863858363859,0.9456807081807082,0.9498321123321124,0.9456654456654456,0.9479700854700855
438,0.9458457312886244,0.9418860151064318,0.9373311970702678,0.9529869535362783,0.9523079270618754,0.9434882124055849,0.941039139391165,0.9358815899900816,0.9478751812008851,0.9422369726100557
439,0.9371174306604998,0.937491413655722,0.9492451649341331,0.9320877409900626,0.9350338111156906,0.9366823892170779,0.938407290378715,0.9453832180855124,0.9423150310634855,0.9428034986490819
440,0.9542366930744454,0.9538856069972981,0.9432843339286532,0.9450016027842653,0.9470928546350994,0.955488391262536,0.9582970798797148,0.9441467845094718,0.952588114973058,0.952053853551312
441,0.9309819240196079,0.9297794117647058,0.9347349877450981,0.9389016544117648,0.9373851102941175,0.9288832720588235,0.9329273897058824,0.931295955882353,0.9379901960784314,0.934734987745098
442,0.9424809160305343,0.9492213740458015,0.9402519083969465,0.9385954198473283,0.9448396946564885,0.9423893129770992,0.9490992366412214,0.9436717557251908,0.953206106870229,0.9510381679389313
443,0.946545199291949,0.9535646706952329,0.9540606116095952,0.9513062320698283,0.9561283037294757,0.9492003906488433,0.9577610938167613,0.9570744063968748,0.9571659647195264,0.9584477812366476
444,0.9398873746699834,0.9406962015657668,0.9315625619973447,0.9337372380850641,0.9318448883666276,0.9359271750576099,0.9383841775146123,0.9305400827139957,0.9288079722862332,0.9345002823263693
445,0.9402887139107613,0.9491622413477385,0.9409906610510896,0.9518937313068426,0.9519318806079472,0.9411585179759507,0.9513443813709332,0.9434398461820179,0.9532747360068364,0.9541445400720259
446,0.9434858619641229,0.9434098510185466,0.9370249315901491,0.9446488294314381,0.9452569169960474,0.9416159927029493,0.9441091517178474,0.9356111280024323,0.9480085132259045,0.9411675281240498
447,0.9519059876202733,0.9467962860820003,0.9483207697493411,0.9507798614941473,0.9490255561684134,0.9518906661763804,0.9468269289697862,0.9487344487344487,0.9557057057057058,0.9487650916222345
448,0.9384223297266776,0.933103911364781,0.9275565797304928,0.9389030475986998,0.9358966532879576,0.9360187403665665,0.931181039876692,0.9249011857707511,0.9302272345750606,0.9354617180704137
449,0.934744456483587,0.9303951043081479,0.9262136218657957,0.9294489294489294,0.9277015581363408,0.9337524989698903,0.9288919071527766,0.9262136218657957,0.9259236650540998,0.926106795672013
450,0.9479095113797683,0.9659751797408068,0.9482987589870404,0.9583199767977897,0.9629680511669796,0.9514127398452168,0.967280304071072,0.9521836027537359,0.9612126207812428,0.9566485017783274
451,0.946048031615747,0.9428332573339413,0.9533895728834169,0.9485788113695091,0.9479024167806658,0.9458200334397325,0.9477580179358565,0.9523483812129503,0.9532755737954097,0.9529715762273903
452,0.9502327000839246,0.9552986953536279,0.953940642404822,0.9535439078355078,0.9570611123826962,0.952452887769894,0.9581750209811551,0.9563744563973449,0.955062180514229,0.9626916914625773
453,0.9536603232255405,0.9566667175362827,0.9518137561615824,0.9539655409220628,0.9530346269476705,0.9554076945381292,0.9560868039128909,0.9526759961542569,0.9459306850611199,0.9468921208051643
454,0.9434356689453125,0.928863525390625,0.953582763671875,0.9483566284179688,0.9485092163085938,0.9429397583007812,0.9313812255859375,0.9519500732421875,0.9540863037109375,0.9528732299804688
455,0.9435098363669794,0.9428969786112644,0.9455782312925171,0.9409205123490838,0.9407826193540478,0.9471486792915365,0.9443601765030337,0.943785622357051,0.9391432248575106,0.9415027272170129
456,0.9329150579150579,0.9346157381871666,0.9343859165287738,0.9375344732487589,0.9387601887601887,0.9383924741067597,0.9358031500888645,0.936799043941901,0.9391738677452963,0.9413724949439236
457,0.9438210788785502,0.943957915222283,0.9394803259745788,0.944459648482637,0.9471279571854285,0.9460332664355654,0.9473332117010278,0.9424983275557989,0.9514535060512072,0.9460560724928542
458,0.9551079575799192,0.9519188220035096,0.9344930189974823,0.9437247272449836,0.9474326695658808,0.9569008926527809,0.9549858854047456,0.9407034409094377,0.9566033417257954,0.9522087434195468
459,0.9578362751065124,0.9485088253195375,0.9474513085818624,0.9477708460133902,0.9490413877054169,0.9583231892878881,0.9468807060255631,0.9496195982958003,0.95,0.9523737066342057
460,0.9286259541984733,0.9289847328244274,0.923557251908397,0.9196335877862596,0.923679389312977,0.930854961832061,0.9274045801526718,0.9245496183206107,0.9229465648854961,0.9215267175572519
461,0.9523656898656899,0.9541819291819292,0.9479624542124543,0.9508089133089133,0.9520680708180709,0.9526175213675214,0.9548229548229548,0.9501678876678877,0.9472832722832724,0.9443376068376068
462,0.954818036163882,0.9561608300907911,0.9489433127336537,0.9442359044785229,0.9466010528725108,0.9585107194628824,0.9635767147325855,0.9532158388647288,0.9488212405584802,0.9478675516899366
463,0.952803845273518,0.9489585717555505,0.9526741435873961,0.9522163729304951,0.9484168764782178,0.954360265506981,0.9521934843976501,0.9526131074998092,0.9568017090104525,0.9545357442587931
464,0.952801862802169,0.950442721897117,0.9535065412543275,0.9457703973773706,0.9450350807316401,0.9519133551885781,0.9481984742179602,0.950143999509789,0.9526639909310947,0.9554673856429425
465,0.9403650125129708,0.9381142037477873,0.932750412012452,0.9422419581273271,0.9443859488494171,0.9412500762986022,0.936618751144479,0.9335362876152109,0.944973448086431,0.9393273515229201
466,0.9432033205151681,0.9437526704510775,0.9502762009399989,0.9458203625709577,0.9484297747665262,0.9456372459256547,0.944195202343893,0.9512375633278398,0.9427913080632362,0.9421503998046755
467,0.9650568398565651,0.9588921950102998,0.9678492408636606,0.9644769970244906,0.965842679484245,0.9681010147249562,0.9636606393530174,0.9670710307469291,0.9657282368200198,0.963103685053788
468,0.9388390404687784,0.9579289507416223,0.9543276567173289,0.9522065555759018,0.95433528657755,0.942241958127327,0.9604620643349814,0.9571125556979796,0.9545260330830739,0.9539461637062809
469,0.933142551892552,0.9277854090354091,0.9411401098901099,0.9267933455433456,0.9257249694749695,0.9321886446886447,0.9274496336996337,0.939247557997558,0.9254426129426129,0.9262286324786325
470,0.9327987230161143,0.9256612952265126,0.9257601094557617,0.9318257829127394,0.9309668592277287,0.9337412587412587,0.9297506840985101,0.9279796290665857,0.9316205533596839,0.9366524779568258
471,0.9561374045801526,0.9616106870229008,0.9612442748091603,0.9605954198473283,0.9665648854961832,0.9592213740458015,0.9619312977099237,0.9612213740458017,0.9638473282442748,0.964854961832061
472,0.943024987840467,0.9479723978599223,0.9305386673151752,0.9314278331712063,0.9368160262645915,0.9451377067120623,0.9483143847276264,0.9340649319066148,0.9386247568093385,0.9408590710116732
473,0.9684524536132812,0.97308349609375,0.9663238525390625,0.9603042602539062,0.9630661010742188,0.9632415771484375,0.9713058471679688,0.9675445556640625,0.9658660888671875,0.9683837890625
474,0.9462094854422268,0.9440197155588109,0.9516877250808765,0.9483000671427699,0.9479338338521639,0.9485442226698406,0.9456601355063176,0.9510086675212112,0.9467893548190196,0.9517792834035281
475,0.9443397373540856,0.9492719479571985,0.9490667558365758,0.9535885821984436,0.9546753404669261,0.9471136308365757,0.9553289153696498,0.9516050583657587,0.9568640564202335,0.9522282344357975
476,0.9640567765567766,0.9604700854700854,0.9606837606837607,0.961614774114774,0.9603556166056166,0.9632860195360196,0.9603479853479853,0.9593330280830281,0.9583791208791209,0.9624542124542125
477,0.9446657509157509,0.9511752136752136,0.9449328449328449,0.9487026862026862,0.9509768009768009,0.9486797924297925,0.954647435897436,0.9446428571428571,0.9394688644688645,0.9464667277167277
478,0.9225416590368065,0.9314838552157724,0.9388619300494415,0.9234114631019961,0.9270737960080572,0.927119575169383,0.9349707013367514,0.9381218336080084,0.9410669596532991,0.9363517060367454
479,0.9414058327101806,0.9477238390281868,0.9450150319715536,0.946861599035512,0.9479222305309263,0.9410624628015932,0.9471439254047949,0.9445572054267706,0.9426495948235079,0.9419094419094419
480,0.9305670498084291,0.939831417624521,0.9401379310344827,0.9357854406130269,0.9377088122605364,0.9331417624521073,0.9429425287356321,0.9402298850574712,0.9319999999999999,0.9387279693486591
481,0.9547285851633677,0.9483266439788178,0.9560410212584125,0.9553466509988249,0.9532101271231707,0.9523249958032567,0.9461138156790331,0.953728997207258,0.9573153051413922,0.9584903932730019
482,0.950428798144418,0.9462781541842155,0.9401895257278887,0.9497650003051944,0.9513901605322592,0.9501007141549167,0.9458585118720625,0.9411203686748459,0.9544039553195384,0.954709149728377
483,0.9285158217703896,0.9368579322556517,0.9358581001663843,0.9351406634000398,0.9379111904870937,0.9316526995466411,0.9426661171406329,0.9390789333089099,0.9363160385278808,0.9346369312023936
484,0.9339823524005024,0.9193679340666073,0.9384325500168511,0.9434801924078555,0.9431355127301694,0.9351849014982078,0.9220564355525598,0.9383559545329206,0.9401023315665309,0.9447746560862771
485,0.9577265679627884,0.959277049828231,0.9443118596661904,0.9497841486030463,0.9515702429088255,0.9590870397957012,0.9618535858693339,0.9456115282886937,0.9538655641017847,0.9562216885051532
486,0.9627205029603858,0.9555408044924618,0.9557391808582067,0.9645898187145211,0.9649636818653482,0.9621940426051395,0.9564334981383141,0.9572651529023989,0.9679088079106389,0.9674357565769394
487,0.9308255394584021,0.939620392444526,0.9345772969007885,0.9345085274161012,0.9348982211626626,0.9314444648205881,0.9389632618130693,0.9352802738553703,0.9428449171709762,0.9374961794730728
488,0.9445930745143344,0.9466451828656554,0.94514030340802,0.9445246709026236,0.9488645000456024,0.9470100021281125,0.9490013072690238,0.9452087070197307,0.9396528136685617,0.9459459459459458
489,0.9609408258833546,0.9611840904944352,0.9627501064282674,0.9632290336313325,0.9662166271361673,0.9610016420361248,0.9607203673295627,0.9635559204524722,0.9465426017150154,0.949431368971599
490,0.950408935546875,0.9306182861328125,0.933807373046875,0.9373779296875,0.9388961791992188,0.9495086669921875,0.9327774047851562,0.9366989135742188,0.9492034912109375,0.950592041015625
491,0.9314609656351095,0.9264023683086126,0.9179561130440091,0.9386254043825918,0.9418528352560581,0.9342458646157602,0.9314991149362144,0.9222975035097356,0.9336812549594091,0.9362754074345359
492,0.9468486208423014,0.9432843339286531,0.9472226038375234,0.9432461723985285,0.9472073392254737,0.9452305719650135,0.9467265039459022,0.9479705698279679,0.9398574285234541,0.9390178748607104
493,0.9547168090475177,0.9640577022466786,0.9624920195786337,0.9611011461405162,0.9618763870732373,0.9555224515854437,0.9622184051317909,0.9647341379624843,0.9684127321922598,0.9670750615632505
494,0.9568833943833943,0.9538766788766788,0.948344017094017,0.9343864468864469,0.9370268620268619,0.9557844932844933,0.9560744810744812,0.9493589743589743,0.9420177045177045,0.9414148351648352
495,0.9439965183929634,0.9354299326583901,0.9449050956678425,0.9346206117244644,0.9363995907584711,0.9438972620520102,0.9413929482187303,0.9487226472429643,0.9332386580542704,0.9390871470673569
496,0.946869229477925,0.9515161689074733,0.9453507714377279,0.9374761548674593,0.9464648160300334,0.9490286446808185,0.9541105193279106,0.9481435133609046,0.9415813328856807,0.9432218780044866
497,0.9580020449585668,0.9578799578799579,0.9580630884978711,0.9604971996276344,0.9586887847757413,0.958047827613045,0.9572542616020877,0.959238176629481,0.9509057335144292,0.9524928655363438
498,0.9511383751449674,0.9432109503753892,0.9500701947140329,0.9477201977659769,0.9455533174632241,0.9504898370261857,0.9408533235671124,0.9478499053897332,0.9444546175914058,0.9486663004333762
499,0.9566491187914853,0.960341802090486,0.9652628366521706,0.962905317769131,0.9627756160830091,0.9560997940032044,0.9589837491416799,0.9630426489662013,0.9614862287327381,0.960143434805829
500,0.9337300679026473,0.9496147096971084,0.9339818417639429,0.936064698252842,0.9361181048294803,0.9322117952239263,0.9459372854200045,0.9313649195086594,0.9370565346761273,0.9335469596398871
501,0.9316517121406335,0.9230757492522736,0.9252273698345848,0.9277223341268388,0.9324528474638345,0.9313236281511322,0.9267380821583349,0.9284013916865043,0.9292254165903682,0.9368705365317708
502,0.9641015076603796,0.9682750412012453,0.9656656290056767,0.9581959958493561,0.957837392418971,0.9665964719526339,0.9664591344686565,0.9620338155404993,0.9611792711957517,0.9625221265946409
503,0.9550368775482156,0.9604348954754379,0.9472261670255165,0.950310748698215,0.9517690533999115,0.9527005359842411,0.9581749049429658,0.947836975277536,0.9524180371676823,0.95736558400904
504,0.9437025958765091,0.9428022036717689,0.9342713690539777,0.9423138553573337,0.94430540082714,0.9458849024066416,0.946564011781403,0.9393685045858959,0.9470599905382514,0.9416500068673982
505,0.9383544921875,0.9230804443359375,0.9336929321289062,0.9237289428710938,0.9227752685546875,0.9368820190429688,0.9259414672851562,0.9360427856445312,0.929290771484375,0.9406585693359375
506,0.9426116943359375,0.9482574462890625,0.9421615600585938,0.9525833129882812,0.9530029296875,0.950225830078125,0.9529953002929688,0.9466094970703125,0.953857421875,0.9495620727539062
507,0.9256699017274005,0.9376945614356345,0.9365424525422695,0.9329564182384179,0.9325596655069279,0.9264939266312641,0.9375038149301105,0.938579625221266,0.9394799487273394,0.9411585179759507
508,0.9219818115234375,0.9525680541992188,0.94122314453125,0.9449615478515625,0.9447174072265625,0.9254150390625,0.9492645263671875,0.9422454833984375,0.935882568359375,0.9420166015625
509,0.956341575091575,0.952281746031746,0.9614774114774115,0.9417735042735043,0.9452686202686202,0.9573107448107449,0.9554029304029305,0.9637667887667888,0.9508241758241757,0.9554410866910867
510,0.9516234457179339,0.9573617487003314,0.9531663271820753,0.9543443893837595,0.9567537165962363,0.9529383151430396,0.9594442586568572,0.95166144772444,0.9503237770954307,0.9568601222144529
511,0.9623285058067667,0.9518137561615823,0.9525386481908221,0.9553695423260642,0.9549727593205856,0.9603445907793735,0.9509667770537336,0.954469150121324,0.9515466906771255,0.9548506722419766
